,danceability,energy,loudness,speechiness,acousticness,instrumentalness,liveness,valence,tempo,id,duration_ms,time_signature,uri
0,0.44,0.317,-9.258,0.0531,0.891,4.78e-06,0.141,0.268,169.914,6xGruZOHLs39ZbVccQTuPZ,233456,3,spotify:track:6xGruZOHLs39ZbVccQTuPZ
1,0.512,0.93,-4.343,0.0508,0.17,0.00119,0.561,0.677,100.542,2MSJBd6NyTh3kN3PdqkRa3,231093,4,spotify:track:2MSJBd6NyTh3kN3PdqkRa3
2,0.911,0.712,-5.105,0.0817,0.0901,2.68e-05,0.0933,0.425,92.005,6Sq7ltF9Qa7SNFBsV5Cogx,178567,4,spotify:track:6Sq7ltF9Qa7SNFBsV5Cogx
3,0.437,0.605,-5.5,0.0329,0.00924,0.118,0.264,0.581,125.114,3LdLGNKCW0dNr14JQlZPQt,191160,4,spotify:track:3LdLGNKCW0dNr14JQlZPQt
4,0.745,0.758,-5.344,0.0434,0.0472,0.0,0.332,0.511,89.862,1ba35FVwUaQv6cGduL6Fr4,150152,4,spotify:track:1ba35FVwUaQv6cGduL6Fr4
5,0.529,0.673,-4.711,0.175,0.000307,2.41e-06,0.093,0.366,165.921,3F5CgOj3wFlRv51JsHbxhe,218365,4,spotify:track:3F5CgOj3wFlRv51JsHbxhe
6,0.726,0.779,-7.057,0.0251,0.0178,0.00178,0.104,0.841,109.133,0eRHyLCekRpdkuuFu237b7,212800,4,spotify:track:0eRHyLCekRpdkuuFu237b7
7,0.764,0.705,-3.463,0.0284,0.259,8.92e-05,0.12,0.781,110.97,3DarAbFujv6eYNliUTyqtz,208667,4,spotify:track:3DarAbFujv6eYNliUTyqtz
8,0.65,0.715,-5.198,0.253,0.0993,0.000291,0.126,0.187,106.672,1IHWl5LamUGEuP4ozKQSXZ,243717,4,spotify:track:1IHWl5LamUGEuP4ozKQSXZ
9,0.52,0.731,-5.338,0.0557,0.342,0.00101,0.311,0.662,173.93,4LRPiXqCikLlN15c3yImP7,167303,4,spotify:track:4LRPiXqCikLlN15c3yImP7
10,0.689,0.623,-5.025,0.0621,0.254,0.0,0.113,0.546,101.998,2tkPgj0Voqw5s2B4BsKxnU,210400,4,spotify:track:2tkPgj0Voqw5s2B4BsKxnU
11,0.714,0.728,-4.595,0.0468,0.298,0.0,0.106,0.901,114.996,1qEmFfgcLObUfQm0j1W2CK,177955,4,spotify:track:1qEmFfgcLObUfQm0j1W2CK
12,0.642,0.695,-5.62,0.0281,0.000443,1.02e-05,0.0753,0.642,103.984,3yII7UwgLF6K5zW3xad3MP,230960,4,spotify:track:3yII7UwgLF6K5zW3xad3MP
13,0.836,0.743,-6.305,0.0656,0.0995,0.0,0.335,0.722,108.966,1PckUlxKqWQs3RlWXVBLw3,191822,4,spotify:track:1PckUlxKqWQs3RlWXVBLw3
14,0.463,0.642,-4.474,0.34,0.314,0.0,0.0686,0.339,83.389,59nOXPmaKlBfGMDeOVGrIK,189893,4,spotify:track:59nOXPmaKlBfGMDeOVGrIK
15,0.509,0.781,-3.48,0.0721,0.0391,0.0,0.0749,0.176,128.002,6Rb8fTrmmivroJEy4avjRm,271427,4,spotify:track:6Rb8fTrmmivroJEy4avjRm
16,0.905,0.563,-6.135,0.102,0.0254,9.71e-06,0.113,0.324,106.998,1rDQ4oMwGJI7B4tovsBOxc,173948,4,spotify:track:1rDQ4oMwGJI7B4tovsBOxc
17,0.65,0.825,-4.645,0.0325,0.0215,2.44e-05,0.0936,0.593,118.091,37BZB0z9T8Xu7U3e65qxFy,191014,4,spotify:track:37BZB0z9T8Xu7U3e65qxFy
18,0.733,0.67,-6.009,0.0751,0.121,0.0,0.121,0.472,100.964,0O6u0VJ46W86TxN9wgyqDj,192841,4,spotify:track:0O6u0VJ46W86TxN9wgyqDj
19,0.753,0.657,-3.061,0.045,0.173,0.0,0.112,0.435,107.013,1XBL6XxdXb77tyjPIactJr,184732,4,spotify:track:1XBL6XxdXb77tyjPIactJr
20,0.801,0.601,-7.574,0.255,0.0777,3.23e-05,0.145,0.74,159.969,0hquQWY3xvYqN4qtiquniF,182907,4,spotify:track:0hquQWY3xvYqN4qtiquniF
21,0.755,0.837,-2.718,0.142,0.0991,0.0,0.289,0.714,120.028,0HPD5WQqrq7wPWR7P7Dw1i,199693,4,spotify:track:0HPD5WQqrq7wPWR7P7Dw1i
22,0.647,0.686,-5.745,0.0413,0.08,1.34e-06,0.528,0.268,79.928,3k3NWokhRRkEPhCzPmV8TW,258299,4,spotify:track:3k3NWokhRRkEPhCzPmV8TW
23,0.801,0.475,-8.797,0.0516,0.141,1.73e-05,0.0639,0.234,98.047,5Eax0qFko2dh7Rl2lYs3bx,213061,4,spotify:track:5Eax0qFko2dh7Rl2lYs3bx
24,0.597,0.527,-8.658,0.0412,0.127,0.0,0.14,0.535,123.946,59yeBiuPekqUhkuOj96Wc8,168387,4,spotify:track:59yeBiuPekqUhkuOj96Wc8
25,0.829,0.799,-5.389,0.0897,0.0151,0.000543,0.242,0.471,97.013,4tYFy8ALRjIZvnvSLw5lxN,227629,4,spotify:track:4tYFy8ALRjIZvnvSLw5lxN
26,0.731,0.85,-4.913,0.0336,0.252,0.0,0.605,0.644,119.706,5uU1uuyaUIBOiiUSQG7Wl3,157478,4,spotify:track:5uU1uuyaUIBOiiUSQG7Wl3
27,0.564,0.903,-3.221,0.307,0.356,0.0,0.175,0.607,78.293,1dm6z1fWB0cErMszU25dy2,230400,4,spotify:track:1dm6z1fWB0cErMszU25dy2
28,0.677,0.744,-6.806,0.0296,0.0405,0.000153,0.074,0.631,124.077,1D5bgpjwcxnxnECQEn7m1z,152913,4,spotify:track:1D5bgpjwcxnxnECQEn7m1z
29,0.52,0.731,-5.338,0.0557,0.342,0.00101,0.311,0.662,173.93,4Dvkj6JhhA12EX05fT7y2e,167303,4,spotify:track:4Dvkj6JhhA12EX05fT7y2e
30,0.881,0.592,-4.898,0.0324,0.619,1.32e-05,0.0901,0.719,101.058,0mBP9X2gPCuapvpZ7TGDk3,154487,4,spotify:track:0mBP9X2gPCuapvpZ7TGDk3
31,0.671,0.806,-5.198,0.0889,0.0305,1.2e-05,0.298,0.646,104.39,2AklTah8huTcBtPGU3Tu5L,202440,4,spotify:track:2AklTah8huTcBtPGU3Tu5L
32,0.72,0.715,-4.652,0.04,0.258,0.0568,0.107,0.357,107.041,5LYMamLv12UPbemOaTPyeV,193813,4,spotify:track:5LYMamLv12UPbemOaTPyeV
33,0.87,0.516,-8.006,0.0541,0.656,0.00823,0.11,0.53,111.005,7dSZ6zGTQx66c2GF91xCrb,210200,4,spotify:track:7dSZ6zGTQx66c2GF91xCrb
34,0.687,0.887,-5.04,0.0826,0.0575,2.21e-06,0.27,0.853,114.941,2KukL7UlQ8TdvpaA7bY3ZJ,278282,4,spotify:track:2KukL7UlQ8TdvpaA7bY3ZJ
35,0.768,0.864,-6.149,0.0324,0.101,0.0,0.162,0.891,110.009,36mtwkNhdENT8UDqOIZAb7,173027,4,spotify:track:36mtwkNhdENT8UDqOIZAb7
36,0.704,0.797,-5.927,0.0475,0.0826,0.000745,0.0546,0.825,139.994,4h9wh7iOZ0GGn8QVp4RAOB,148486,4,spotify:track:4h9wh7iOZ0GGn8QVp4RAOB
37,0.731,0.867,-5.881,0.032,0.0394,0.0,0.0861,0.776,104.02,594T8WGti1SFxj7nA0bf0h,200373,4,spotify:track:594T8WGti1SFxj7nA0bf0h
38,0.795,0.684,-3.971,0.0419,0.0225,0.0,0.658,0.419,114.011,41oY4WCTj5kccfesTVFnvN,237895,4,spotify:track:41oY4WCTj5kccfesTVFnvN
39,0.493,0.889,-5.036,0.07,0.773,7.22e-05,0.323,0.97,169.898,4G9GCltdw9FD3LsNEnnO30,159467,4,spotify:track:4G9GCltdw9FD3LsNEnnO30
40,0.369,0.192,-12.151,0.04,0.555,8.35e-06,0.0954,0.148,175.212,3WMj8moIAXJhHsyLaqIIHI,228013,3,spotify:track:3WMj8moIAXJhHsyLaqIIHI
41,0.693,0.767,-6.822,0.0544,0.0255,4.5e-06,0.158,0.204,123.014,26AXFaooZfNBmEfFLH0i1p,190733,4,spotify:track:26AXFaooZfNBmEfFLH0i1p
42,0.686,0.445,-7.189,0.0398,0.484,0.00144,0.175,0.626,145.5,51Zw1cKDgkad0CXv23HCMU,164533,3,spotify:track:51Zw1cKDgkad0CXv23HCMU
43,0.709,0.692,-4.903,0.0338,0.199,0.0,0.106,0.624,96.624,3rz3j6GgJToW32pPoK2ANL,181787,4,spotify:track:3rz3j6GgJToW32pPoK2ANL
44,0.877,0.56,-3.751,0.0596,0.00721,1.45e-06,0.0839,0.154,119.971,3S68RFe1lsdCdTMPIMJM3X,216136,4,spotify:track:3S68RFe1lsdCdTMPIMJM3X
45,0.857,0.796,-6.866,0.0527,0.079,0.0,0.0503,0.944,132.528,3v4km1NkY4M8jZ7J4ohzHR,204600,4,spotify:track:3v4km1NkY4M8jZ7J4ohzHR
46,0.507,0.294,-10.0,0.04,0.896,1.97e-05,0.0966,0.386,114.199,6uvh0In7u1Xn4HgxOfAn8O,245964,4,spotify:track:6uvh0In7u1Xn4HgxOfAn8O
47,0.429,0.834,-6.61,0.261,0.0106,0.0,0.163,0.664,179.932,4u2gL1g6AgF2vlAURETOXi,110517,4,spotify:track:4u2gL1g6AgF2vlAURETOXi
48,0.808,0.582,-6.26,0.338,0.827,0.0,0.111,0.675,77.471,6EbVuwU7EnKeF2hdpViXCH,148817,4,spotify:track:6EbVuwU7EnKeF2hdpViXCH
49,0.494,0.939,-3.608,0.0354,0.000768,0.0,0.118,0.645,140.992,5HcV3YJu0u1PERen9uSV0T,189149,4,spotify:track:5HcV3YJu0u1PERen9uSV0T
50,0.686,0.507,-7.097,0.0357,0.626,7.51e-05,0.383,0.69,168.955,5CM4UuQ9Gnd6K2YyKGPMoK,232115,4,spotify:track:5CM4UuQ9Gnd6K2YyKGPMoK
51,0.289,0.161,-16.482,0.033,0.798,0.000166,0.455,0.15,88.972,67miUQbUxLQipKWO7yfpLH,145201,5,spotify:track:67miUQbUxLQipKWO7yfpLH
52,0.787,0.546,-7.094,0.0532,0.305,4.55e-05,0.122,0.222,93.05,5CzixCxDkRXX9mScCmah8O,176936,4,spotify:track:5CzixCxDkRXX9mScCmah8O
53,0.853,0.495,-14.63,0.14,0.0917,0.000217,0.0844,0.0774,137.027,4rmVZajAF7PkrCagGPHbqa,243228,4,spotify:track:4rmVZajAF7PkrCagGPHbqa
54,0.592,0.193,-13.876,0.0334,0.955,0.00508,0.117,0.383,127.381,3B26XqOpSrxKSPKWJCVlwF,145414,4,spotify:track:3B26XqOpSrxKSPKWJCVlwF
55,0.663,0.786,-3.51,0.195,0.229,0.0,0.219,0.579,196.12,1797zYiX4cKosMH836X9Gt,198367,4,spotify:track:1797zYiX4cKosMH836X9Gt
56,0.576,0.457,-6.473,0.0304,0.143,3.05e-05,0.0917,0.301,138.984,0rzaRSujxA0bKyjJl6vHYq,218577,4,spotify:track:0rzaRSujxA0bKyjJl6vHYq
57,0.756,0.809,-3.655,0.0541,0.0173,3.69e-06,0.66,0.64,109.901,3uRUbppUFPsmrccRXSDAjE,264847,4,spotify:track:3uRUbppUFPsmrccRXSDAjE
58,0.723,0.772,-6.784,0.0792,0.00524,1.15e-05,0.367,0.58,102.004,4cacyP5c3PMlfnyjpg13xW,146471,4,spotify:track:4cacyP5c3PMlfnyjpg13xW
59,0.286,0.469,-8.899,0.0386,0.303,4.98e-05,0.103,0.198,139.333,423Fvj5rrjrP5TdTTmPLa1,225811,4,spotify:track:423Fvj5rrjrP5TdTTmPLa1
60,0.645,0.721,-4.394,0.0336,0.357,0.143,0.204,0.88,182.928,4j6kId9QIqhoXvqHKgSKa0,191959,4,spotify:track:4j6kId9QIqhoXvqHKgSKa0
61,0.872,0.588,-6.276,0.0492,0.275,0.0,0.17,0.93,142.004,5kVZxyMY1gfdCLiChsfjn1,230704,4,spotify:track:5kVZxyMY1gfdCLiChsfjn1
62,0.559,0.535,-7.723,0.039,0.719,0.000143,0.0954,0.402,141.96,3i058E8uxTsYqJ5NWZzqSj,202183,4,spotify:track:3i058E8uxTsYqJ5NWZzqSj
63,0.876,0.498,-7.511,0.0478,0.0706,0.0,0.143,0.428,122.016,31i56LZnwE6uSu3exoHjtB,173119,4,spotify:track:31i56LZnwE6uSu3exoHjtB
64,0.79,0.67,-5.527,0.105,0.377,2.32e-06,0.119,0.408,139.956,0fX4oNGBWO3dSGUZcVdVV2,195950,4,spotify:track:0fX4oNGBWO3dSGUZcVdVV2
65,0.345,0.612,-6.543,0.0608,0.232,0.0,0.194,0.232,179.773,59CfNbkERJ3NoTXDvoURjj,153000,3,spotify:track:59CfNbkERJ3NoTXDvoURjj
66,0.883,0.657,-5.748,0.305,0.0603,0.0,0.128,0.284,124.992,1qMMYpVatbRITKCfq1gasi,172933,4,spotify:track:1qMMYpVatbRITKCfq1gasi
67,0.814,0.628,-7.178,0.221,0.167,0.0,0.101,0.677,123.977,7mFj0LlWtEJaEigguaWqYh,201334,4,spotify:track:7mFj0LlWtEJaEigguaWqYh
68,0.555,0.771,-11.511,0.0383,0.00204,0.136,0.36,0.269,126.358,1U7isoIVpgTXGjIUi5LUEf,197855,3,spotify:track:1U7isoIVpgTXGjIUi5LUEf
69,0.669,0.773,-5.619,0.153,0.038,0.0,0.113,0.377,93.923,7DwcBgdzqhFJltEaV1XF81,185857,4,spotify:track:7DwcBgdzqhFJltEaV1XF81
70,0.796,0.798,-6.312,0.0317,0.034,4.19e-05,0.0952,0.942,116.032,4Rfyd7l9GhfpOvpKAaVg8S,202735,4,spotify:track:4Rfyd7l9GhfpOvpKAaVg8S
71,0.721,0.479,-9.669,0.226,0.321,0.00156,0.182,0.902,164.948,2NcQic8JxdjAlAHuNbOIRE,140242,3,spotify:track:2NcQic8JxdjAlAHuNbOIRE
72,0.607,0.912,-3.449,0.0611,0.124,0.0,0.332,0.722,134.944,200x8ONbPfFzByUr3fVz46,206107,4,spotify:track:200x8ONbPfFzByUr3fVz46
73,0.833,0.652,-6.942,0.0762,0.00161,0.0985,0.106,0.405,158.022,0LnS7aOdOdI1dNKZqdOLz4,135053,4,spotify:track:0LnS7aOdOdI1dNKZqdOLz4
74,0.712,0.861,-5.487,0.25,0.0182,6.09e-06,0.511,0.388,84.042,06JvOZ39sK8D8SqiqfaxDU,148571,4,spotify:track:06JvOZ39sK8D8SqiqfaxDU
75,0.555,0.536,-8.233,0.0452,0.669,0.0,0.0623,0.203,118.057,1mw0RgNXIpYRyyCdBQbLgA,191638,4,spotify:track:1mw0RgNXIpYRyyCdBQbLgA
76,0.464,0.981,-5.747,0.137,1.63e-06,0.787,0.115,0.471,155.007,07YCdWDFpifgVQSSjEA3JS,289520,4,spotify:track:07YCdWDFpifgVQSSjEA3JS
77,0.821,0.636,-4.479,0.169,0.142,0.0,0.233,0.163,127.961,0QNNd0qMCDbraS1nQPg3aA,142657,4,spotify:track:0QNNd0qMCDbraS1nQPg3aA
78,0.471,0.984,-5.359,0.128,0.0,0.887,0.103,0.362,130.012,57EB7KVs5VYoEipWwXZ7vB,271387,4,spotify:track:57EB7KVs5VYoEipWwXZ7vB
79,0.582,0.568,-7.3,0.0275,0.577,0.0,0.105,0.394,121.991,4686eQ81DEswHa90bcdlC9,207541,3,spotify:track:4686eQ81DEswHa90bcdlC9
80,0.464,0.968,-5.483,0.111,1.46e-06,0.612,0.225,0.625,160.04,5yj1dm48yVNOfJyiWt5RUv,208947,4,spotify:track:5yj1dm48yVNOfJyiWt5RUv
81,0.559,0.885,-4.515,0.189,0.0432,0.0,0.333,0.683,172.029,10SRMwb9EuVS1K9rYsBfHQ,193594,4,spotify:track:10SRMwb9EuVS1K9rYsBfHQ
82,0.877,0.808,-7.502,0.0401,0.0426,0.248,0.119,0.966,133.237,14mRtbBGeqILGZI1r49Uv5,230840,4,spotify:track:14mRtbBGeqILGZI1r49Uv5
83,0.829,0.644,-7.696,0.0427,0.354,0.0511,0.0944,0.896,105.993,35TyJIMR3xRouUuo2sjS6v,243508,4,spotify:track:35TyJIMR3xRouUuo2sjS6v
84,0.433,0.976,-5.135,0.0897,1.28e-06,0.791,0.123,0.626,170.205,5O65MsBzz1cEl3Dmd2QjfN,278760,4,spotify:track:5O65MsBzz1cEl3Dmd2QjfN
85,0.499,0.671,-6.774,0.0561,0.114,0.0169,0.148,0.0557,124.994,28JBD8p18xNuOfyV7Cotdn,336924,3,spotify:track:28JBD8p18xNuOfyV7Cotdn
86,0.458,0.992,-5.674,0.17,1.52e-06,0.695,0.076,0.439,154.987,2i8RxKKuJyEyKvkh6Khant,324853,4,spotify:track:2i8RxKKuJyEyKvkh6Khant
87,0.707,0.811,-5.298,0.0304,0.311,0.0152,0.131,0.899,113.971,69w5X6uTrOaWM32IetSzvO,187342,4,spotify:track:69w5X6uTrOaWM32IetSzvO
88,0.379,0.987,-4.738,0.188,1.46e-06,0.659,0.529,0.248,160.097,7c0xeLh1Dun4gevWAQZKO7,157440,4,spotify:track:7c0xeLh1Dun4gevWAQZKO7
89,0.775,0.736,-8.072,0.247,0.319,0.00116,0.127,0.362,100.988,2g6tReTlM2Akp41g0HaeXN,239027,4,spotify:track:2g6tReTlM2Akp41g0HaeXN
90,0.291,0.949,-5.583,0.0985,1.38e-06,0.858,0.221,0.445,95.036,6k3aSULXftjtfvoiLWWkIe,384160,4,spotify:track:6k3aSULXftjtfvoiLWWkIe
91,0.777,0.595,-6.79,0.0375,0.59,0.00139,0.0669,0.546,108.02,0E0DRHf5PfMeor0ZCwB3oT,244444,4,spotify:track:0E0DRHf5PfMeor0ZCwB3oT
92,0.376,0.657,-4.658,0.0768,0.0858,0.0,0.0884,0.203,80.565,1r8ZCjfrQxoy2wVaBUbpwg,164782,4,spotify:track:1r8ZCjfrQxoy2wVaBUbpwg
93,0.608,0.745,-4.13,0.0277,0.0226,6.47e-06,0.0942,0.464,102.025,28n8z9IQKyjMPxmvYMBqZa,224427,4,spotify:track:28n8z9IQKyjMPxmvYMBqZa
94,0.797,0.616,-10.229,0.375,0.762,0.000293,0.0979,0.451,103.071,44XjoNvtwevktFKjvVe1vH,339612,4,spotify:track:44XjoNvtwevktFKjvVe1vH
95,0.529,0.695,-6.174,0.0278,0.488,1.24e-05,0.142,0.514,139.993,6NHpyYvJyQsg2nXXzGYc2R,215572,4,spotify:track:6NHpyYvJyQsg2nXXzGYc2R
96,0.418,0.986,-5.287,0.107,1.11e-06,0.902,0.0817,0.561,170.041,6u58l9CgS5FaxvWZf3Ip03,296827,4,spotify:track:6u58l9CgS5FaxvWZf3Ip03
97,0.861,0.645,-6.96,0.0743,0.423,0.000592,0.349,0.668,121.391,2uflssWlCaJ6CbTMOsUpNI,210989,5,spotify:track:2uflssWlCaJ6CbTMOsUpNI
98,0.458,0.984,-5.678,0.0791,1.55e-06,0.799,0.205,0.718,155.103,74tO2k3xlibifqmx6Lpgdc,361347,4,spotify:track:74tO2k3xlibifqmx6Lpgdc
99,0.524,0.643,-6.055,0.0297,0.451,0.0,0.221,0.397,135.962,5gVCfYmQRPy1QJifP8f5gg,232059,4,spotify:track:5gVCfYmQRPy1QJifP8f5gg
100,0.282,0.973,-5.784,0.165,1.64e-06,0.653,0.281,0.584,157.972,0hM8AIivT8bikiYbSIXins,297813,4,spotify:track:0hM8AIivT8bikiYbSIXins
101,0.839,0.69,-4.464,0.0615,0.207,8.33e-06,0.176,0.744,151.991,6VrQTLzzuyGIYjUDe4kAZk,196413,4,spotify:track:6VrQTLzzuyGIYjUDe4kAZk
102,0.268,0.933,-5.366,0.147,1.93e-06,0.393,0.149,0.486,164.064,5bZgaJNvx65U9SB6AfnHD4,253093,4,spotify:track:5bZgaJNvx65U9SB6AfnHD4
103,0.756,0.697,-6.377,0.0401,0.182,0.0,0.333,0.956,94.996,0QBzMgT7NIeoCYy3sJCof1,206071,4,spotify:track:0QBzMgT7NIeoCYy3sJCof1
104,0.381,0.959,-5.265,0.21,2.17e-06,0.0688,0.272,0.583,180.241,36PqjBEHJXuq99F7CFkyC7,270120,4,spotify:track:36PqjBEHJXuq99F7CFkyC7
105,0.824,0.697,-4.869,0.0473,0.158,4.11e-05,0.077,0.757,99.988,7fYRg3CEbk6rNCuzNzMT06,214460,4,spotify:track:7fYRg3CEbk6rNCuzNzMT06
106,0.379,0.978,-5.119,0.151,0.0,0.875,0.142,0.423,170.011,1e9GEPlq8z4NpJUZN1zFrF,251733,4,spotify:track:1e9GEPlq8z4NpJUZN1zFrF
107,0.713,0.689,-5.99,0.255,0.16,0.0,0.136,0.63,156.934,1oc92BMKYkNxK17C2GtyRM,171319,4,spotify:track:1oc92BMKYkNxK17C2GtyRM
108,0.535,0.618,-5.668,0.382,0.0245,0.0,0.103,0.211,165.991,6ws54n2IzyrIxxyzlG2bVJ,213976,4,spotify:track:6ws54n2IzyrIxxyzlG2bVJ
109,0.817,0.67,-6.534,0.0506,0.123,1.92e-06,0.128,0.495,130.058,4d4ZXH4dr5bYfgErHiZCX2,208615,3,spotify:track:4d4ZXH4dr5bYfgErHiZCX2
110,0.479,0.768,-5.204,0.0312,7.02e-05,0.00549,0.121,0.576,110.024,6Tm4Io4ct4w14nB1EUzsY3,183790,4,spotify:track:6Tm4Io4ct4w14nB1EUzsY3
111,0.226,0.58,-3.661,0.0414,0.771,0.0,0.126,0.191,77.726,6hnwbz6odadbu3bmMUHEv4,294827,5,spotify:track:6hnwbz6odadbu3bmMUHEv4
112,0.578,0.431,-7.034,0.0269,0.469,0.0,0.137,0.21,116.979,1TUuhV75FeOF6UObRsABo2,226975,3,spotify:track:1TUuhV75FeOF6UObRsABo2
113,0.674,0.87,-6.404,0.0415,0.00072,0.00875,0.0247,0.759,127.988,3aSEwDuVlabNvITpOKkiwT,270069,4,spotify:track:3aSEwDuVlabNvITpOKkiwT
114,0.878,0.685,-5.28,0.225,0.00152,0.0,0.0753,0.523,157.003,3uJFmluXzYedoJcvhpC1AW,211649,4,spotify:track:3uJFmluXzYedoJcvhpC1AW
115,0.742,0.527,-6.892,0.0769,0.327,0.0,0.25,0.638,84.974,3o9kpgkIcffx0iSwxhuNI2,169238,4,spotify:track:3o9kpgkIcffx0iSwxhuNI2
116,0.647,0.765,-6.459,0.06,0.111,0.0,0.315,0.855,79.994,58UKC45GPNTflCN6nwCUeF,161853,4,spotify:track:58UKC45GPNTflCN6nwCUeF
117,0.869,0.298,-12.076,0.386,0.2,0.0,0.0753,0.178,77.47,5cx7vkF8BQ0iOsVpfvZbnz,161355,4,spotify:track:5cx7vkF8BQ0iOsVpfvZbnz
118,0.843,0.7,-3.563,0.0803,0.0934,0.0,0.14,0.899,93.991,1ri9ZUkBJVFUdgwzCnfcYs,226088,4,spotify:track:1ri9ZUkBJVFUdgwzCnfcYs
119,0.773,0.707,-5.71,0.0568,0.0103,1.04e-05,0.296,0.113,76.977,6wyhUr4Xw8z5uSy0AhoZfU,236187,4,spotify:track:6wyhUr4Xw8z5uSy0AhoZfU
120,0.695,0.636,-4.654,0.317,0.234,0.0,0.081,0.575,174.14,2rurDawMfoKP4uHyb2kJBt,172235,4,spotify:track:2rurDawMfoKP4uHyb2kJBt
121,0.614,0.615,-7.971,0.043,0.13,0.0494,0.384,0.374,80.297,4UXBXbOHkN2ByEW7GMi6E5,304011,4,spotify:track:4UXBXbOHkN2ByEW7GMi6E5
122,0.714,0.645,-5.493,0.0514,0.229,0.00083,0.0942,0.434,85.046,28GCbKgjlVD9eDmasGbe0T,180930,4,spotify:track:28GCbKgjlVD9eDmasGbe0T
123,0.503,0.496,-9.123,0.0556,0.693,0.0,0.123,0.412,187.844,18HOjcvTVV7W8YzBuOsAPS,148143,4,spotify:track:18HOjcvTVV7W8YzBuOsAPS
124,0.544,0.786,-2.97,0.0501,0.00991,0.0,0.169,0.446,153.967,6Jkm5kUldvIqxzI1Pa7nXH,157138,4,spotify:track:6Jkm5kUldvIqxzI1Pa7nXH
125,0.417,0.202,-10.976,0.0357,0.935,0.0,0.108,0.323,118.029,6qj02zSeEJGWZ4c0dn5QzJ,194544,4,spotify:track:6qj02zSeEJGWZ4c0dn5QzJ
126,0.852,0.421,-9.153,0.208,0.428,2.28e-06,0.106,0.457,95.977,1QPreu0BNOrUfEb8HTd2qG,202285,4,spotify:track:1QPreu0BNOrUfEb8HTd2qG
127,0.524,0.807,-4.16,0.0579,0.00415,0.000834,0.212,0.62,124.127,1qtBLES6SONpxdNA81dI28,246813,4,spotify:track:1qtBLES6SONpxdNA81dI28
128,0.773,0.422,-4.572,0.187,0.00783,0.00693,0.129,0.488,77.502,3XOalgusokruzA5ZBA2Qcb,136267,1,spotify:track:3XOalgusokruzA5ZBA2Qcb
129,0.667,0.669,-6.264,0.0326,0.441,0.00229,0.215,0.947,98.266,6MD0SRIDE7WU06BafJTPte,178493,4,spotify:track:6MD0SRIDE7WU06BafJTPte
130,0.71,0.522,-9.102,0.36,0.615,0.0,0.11,0.37,96.448,3EMp20j5E42MxfFbsEsIvD,309327,4,spotify:track:3EMp20j5E42MxfFbsEsIvD
131,0.718,0.758,-8.29,0.0703,0.238,0.00653,0.11,0.349,118.989,1vbn9fEyw1IYhqgZJdu9ZB,266179,4,spotify:track:1vbn9fEyw1IYhqgZJdu9ZB
132,0.559,0.837,-4.062,0.0391,0.0617,0.0,0.393,0.446,119.958,3Whl6kCI0L80Td1GqpWWD5,214835,4,spotify:track:3Whl6kCI0L80Td1GqpWWD5
133,0.907,0.577,-6.737,0.0767,0.438,3.19e-05,0.137,0.801,140.07,3lzUeaCbcCDB5IXYfqWRlF,220779,4,spotify:track:3lzUeaCbcCDB5IXYfqWRlF
134,0.717,0.932,-1.607,0.153,0.0285,0.107,0.0949,0.961,123.906,1Ihpps7NA0Qhu3uUa3x7K6,270461,4,spotify:track:1Ihpps7NA0Qhu3uUa3x7K6
135,0.912,0.774,-4.673,0.0455,0.121,0.0127,0.101,0.632,119.966,10xV5l9nhLvFpR8mqzs0bL,155589,4,spotify:track:10xV5l9nhLvFpR8mqzs0bL
136,0.748,0.787,-5.939,0.22,0.124,7.77e-05,0.028,0.898,129.997,4rtAK47x8GeyUC5cxgFJzo,251113,4,spotify:track:4rtAK47x8GeyUC5cxgFJzo
137,0.614,0.644,-5.372,0.0426,0.0134,7.07e-06,0.117,0.651,160.036,0IuVhCflrQPMGRrOyoY5RW,206772,4,spotify:track:0IuVhCflrQPMGRrOyoY5RW
138,0.652,0.664,-6.422,0.038,0.00758,0.00199,0.0937,0.599,135.017,2BGGgxDFHRyyzvjjKzbEUl,270220,4,spotify:track:2BGGgxDFHRyyzvjjKzbEUl
139,0.362,0.54,-6.031,0.0528,0.338,0.0,0.139,0.3,78.007,1ei3hzQmrgealgRKFxIcWn,216410,3,spotify:track:1ei3hzQmrgealgRKFxIcWn
140,0.849,0.584,-8.195,0.115,0.0929,6.18e-06,0.492,0.724,115.018,0wihfILRNOwE2156Shezc8,139041,4,spotify:track:0wihfILRNOwE2156Shezc8
141,0.69,0.626,-5.693,0.306,0.105,0.000335,0.0881,0.912,184.009,1BSMpVGWs3v5BZKnAQziAc,185681,4,spotify:track:1BSMpVGWs3v5BZKnAQziAc
142,0.576,0.627,-4.649,0.0449,0.0385,0.0,0.181,0.311,164.998,6kxaaIeowajN7w21PfMLbu,176059,4,spotify:track:6kxaaIeowajN7w21PfMLbu
143,0.639,0.518,-13.892,0.312,0.108,0.0,0.307,0.497,145.058,1JIgFmCP5OCTEGV866WP3b,165517,4,spotify:track:1JIgFmCP5OCTEGV866WP3b
144,0.564,0.767,-5.839,0.0297,0.000279,0.000983,0.184,0.221,114.006,5KOr7JBQfQ1vbjGa189Gw6,333880,4,spotify:track:5KOr7JBQfQ1vbjGa189Gw6
145,0.643,0.605,-5.968,0.297,0.0336,0.0,0.112,0.145,84.216,3ihIZrJreMJPjQdNLrEXnP,200471,4,spotify:track:3ihIZrJreMJPjQdNLrEXnP
146,0.56,0.473,-7.23,0.0533,0.618,0.0,0.31,0.441,109.414,3yMC1KsTwh0ceXdIe4QQAQ,175345,4,spotify:track:3yMC1KsTwh0ceXdIe4QQAQ
147,0.793,0.308,-10.414,0.0466,0.613,1.68e-05,0.0953,0.46,135.143,7Fege3yv4dvehB3NdRBGwI,200000,4,spotify:track:7Fege3yv4dvehB3NdRBGwI
148,0.617,0.378,-8.54,0.0315,0.428,9.16e-05,0.11,0.22,141.967,3XgGQ1wjo5khvq2UImjyNF,216063,4,spotify:track:3XgGQ1wjo5khvq2UImjyNF
149,0.799,0.653,-5.453,0.037,0.019,0.0,0.0935,0.236,104.019,3vySEUpD0tc801F2WZDLYw,215281,4,spotify:track:3vySEUpD0tc801F2WZDLYw
150,0.783,0.722,-4.864,0.0357,0.00537,0.00209,0.105,0.306,97.031,4XKXphKH76W4zNpkgFS5o2,180022,4,spotify:track:4XKXphKH76W4zNpkgFS5o2
151,0.628,0.347,-15.495,0.0334,0.887,0.971,0.202,0.69,96.247,6VB4GnzupnwBCA17kQFqdw,210000,4,spotify:track:6VB4GnzupnwBCA17kQFqdw
152,0.6,0.482,-11.596,0.0701,0.512,0.000104,0.115,0.323,121.909,0nAZGkBGKQCXyaoSJfRhC1,173097,4,spotify:track:0nAZGkBGKQCXyaoSJfRhC1
153,0.733,0.859,-5.03,0.033,0.479,0.0645,0.105,0.52,124.948,1iwEkU7SPZtaWD7cjOPyne,147840,4,spotify:track:1iwEkU7SPZtaWD7cjOPyne
154,0.765,0.627,-4.607,0.0622,0.000916,0.195,0.0847,0.536,118.997,4FIgHqXd4KkOwxrGeLDYM2,308820,4,spotify:track:4FIgHqXd4KkOwxrGeLDYM2
155,0.659,0.741,-4.354,0.0388,0.072,0.0,0.166,0.454,122.013,4NRBjAMDh8layJcLqlTF47,256760,4,spotify:track:4NRBjAMDh8layJcLqlTF47
156,0.795,0.526,-9.086,0.204,0.067,2e-06,0.134,0.194,140.037,7ohROa13QK43JBRqfCmz4P,181393,4,spotify:track:7ohROa13QK43JBRqfCmz4P
157,0.741,0.92,-4.457,0.0516,0.182,0.122,0.0903,0.739,110.141,0KfKbafliCudjGyo7Pjmd3,325267,4,spotify:track:0KfKbafliCudjGyo7Pjmd3
158,0.902,0.582,-5.902,0.109,0.111,3.18e-06,0.111,0.332,107.005,0wHFktze2PHC5jDt3B17DC,173948,4,spotify:track:0wHFktze2PHC5jDt3B17DC
159,0.744,0.733,-4.061,0.141,0.019,0.0,0.26,0.34,130.012,0MHZpGOPZhiBKxR40oRmXj,264147,4,spotify:track:0MHZpGOPZhiBKxR40oRmXj
160,0.646,0.816,-2.65,0.0269,0.00496,0.0,0.179,0.865,102.972,3SeeaIXnrCfT88vHVCRWHl,181991,4,spotify:track:3SeeaIXnrCfT88vHVCRWHl
161,0.724,0.818,-3.747,0.168,0.0201,0.0,0.0358,0.696,77.004,69xohKu8C1fsflYAiSNbwM,204940,4,spotify:track:69xohKu8C1fsflYAiSNbwM
162,0.362,0.858,-3.92,0.0743,0.00211,1.3e-06,0.25,0.282,127.891,1T7BiLyFaZKCNNFAMP4PVz,196347,4,spotify:track:1T7BiLyFaZKCNNFAMP4PVz
163,0.574,0.369,-8.931,0.0814,0.753,0.0,0.147,0.44,84.975,00imgaPlYRrMGn9o83hfmk,226011,4,spotify:track:00imgaPlYRrMGn9o83hfmk
164,0.742,0.792,-5.336,0.0863,0.000681,0.126,0.0653,0.594,131.977,2GN0M64unZFzF8Mez8RL1F,262727,4,spotify:track:2GN0M64unZFzF8Mez8RL1F
165,0.65,0.76,-4.422,0.0446,0.255,0.0,0.339,0.838,93.057,2SLwbpExuoBDZBpjfefCtV,214194,4,spotify:track:2SLwbpExuoBDZBpjfefCtV
166,0.745,0.913,-6.508,0.0624,0.0717,0.265,0.0498,0.763,127.993,2SjBYRFi8j5jZaOOS6Nvid,270000,4,spotify:track:2SjBYRFi8j5jZaOOS6Nvid
167,0.872,0.422,-7.415,0.363,0.0254,0.0,0.109,0.778,149.956,3GbQcjKWT7eVpUfzqwUjxv,180666,4,spotify:track:3GbQcjKWT7eVpUfzqwUjxv
168,0.693,0.643,-5.855,0.0368,0.0085,0.00912,0.0399,0.788,131.991,5X70OJdWtSai8LfmVniNbr,261818,4,spotify:track:5X70OJdWtSai8LfmVniNbr
169,0.587,0.614,-6.344,0.0435,0.0306,0.0,0.399,0.451,160.075,1CfuBY3BDdKpooQ9L5zgUc,227527,4,spotify:track:1CfuBY3BDdKpooQ9L5zgUc
170,0.614,0.934,-3.709,0.07,0.0697,0.0,0.121,0.436,116.001,4VAZH3smXXFMH2BGSP5RhU,174760,4,spotify:track:4VAZH3smXXFMH2BGSP5RhU
171,0.608,0.626,-4.773,0.301,0.597,2.16e-06,0.25,0.246,176.086,71wFwRo8xGc4lrcyKwsvba,250534,4,spotify:track:71wFwRo8xGc4lrcyKwsvba
172,0.936,0.497,-7.185,0.41,0.0324,0.0,0.111,0.364,138.016,30vAfL9Wyu2fu07vdbZ1Xt,146732,4,spotify:track:30vAfL9Wyu2fu07vdbZ1Xt
173,0.8,0.567,-8.916,0.0814,0.00144,0.815,0.0605,0.967,143.961,5I64qCyYrFPBRWN00zUkVe,255000,4,spotify:track:5I64qCyYrFPBRWN00zUkVe
174,0.669,0.773,-5.619,0.153,0.038,0.0,0.113,0.377,93.923,32vE1nuG8T9c8bhmZdRY6d,185857,4,spotify:track:32vE1nuG8T9c8bhmZdRY6d
175,0.793,0.749,-4.692,0.0742,0.0499,0.000298,0.0321,0.853,128.011,67scmhrpM0jxO5Uw8zbL8q,284998,4,spotify:track:67scmhrpM0jxO5Uw8zbL8q
176,0.826,0.276,-11.227,0.266,0.62,8.53e-05,0.118,0.484,123.985,7sT7kZEYd1MrmzLLIRVZas,129965,4,spotify:track:7sT7kZEYd1MrmzLLIRVZas
177,0.682,0.69,-6.445,0.033,0.00188,0.0213,0.116,0.961,131.986,2OJFOYPQaSpLraDb2nqCme,247272,4,spotify:track:2OJFOYPQaSpLraDb2nqCme
178,0.542,0.82,-6.073,0.0432,0.000682,0.000136,0.0561,0.702,124.85,3j1xkzTW8owIphkWV51V9s,234341,4,spotify:track:3j1xkzTW8owIphkWV51V9s
179,0.842,0.658,-7.072,0.0678,0.00456,0.735,0.0673,0.562,131.007,61ap7rnc6V8MBulwjw6BUn,281253,4,spotify:track:61ap7rnc6V8MBulwjw6BUn
180,0.883,0.657,-5.748,0.305,0.0603,0.0,0.128,0.284,124.992,5qgFgsrrxOjyPmX5YCuK2E,172933,4,spotify:track:5qgFgsrrxOjyPmX5YCuK2E
181,0.436,0.948,-5.515,0.0558,0.0974,0.00375,0.14,0.696,122.609,4VVh7xorogYHk5FK7W6mmQ,199136,4,spotify:track:4VVh7xorogYHk5FK7W6mmQ
182,0.574,0.736,-4.743,0.0465,0.146,1.66e-05,0.407,0.344,138.501,5XFoaqV1Z8XaLJidchVWhh,328573,4,spotify:track:5XFoaqV1Z8XaLJidchVWhh
183,0.684,0.545,-6.885,0.121,0.159,0.0,0.102,0.407,143.049,1HvTxgCj0mTzQlEo0zLvFb,135264,4,spotify:track:1HvTxgCj0mTzQlEo0zLvFb
184,0.828,0.591,-6.217,0.109,0.0199,0.000323,0.361,0.202,119.251,0lEjxUUlKqjqXrVlIHFduD,193347,4,spotify:track:0lEjxUUlKqjqXrVlIHFduD
185,0.3,0.942,-1.956,0.102,0.000698,0.00922,0.111,0.255,165.376,4ujD4hVZgeCaXIHozlEBno,252867,4,spotify:track:4ujD4hVZgeCaXIHozlEBno
186,0.883,0.283,-12.653,0.113,0.104,0.00167,0.0935,0.416,122.013,1eCFz60zd7mAXgWLapPd9B,157390,4,spotify:track:1eCFz60zd7mAXgWLapPd9B
187,0.62,0.917,-3.806,0.0337,0.000487,0.0,0.113,0.581,124.857,7fYX46VXhDuuoc3UcYKBaw,258427,4,spotify:track:7fYX46VXhDuuoc3UcYKBaw
188,0.787,0.522,-5.872,0.463,0.0668,0.0,0.108,0.666,170.439,2PljnVsnl2PRwCvfhbdQup,163765,4,spotify:track:2PljnVsnl2PRwCvfhbdQup
189,0.395,0.495,-9.087,0.0329,0.496,0.0378,0.12,0.517,168.01,7itJkxkJcMkRLpfguLjxCA,188044,4,spotify:track:7itJkxkJcMkRLpfguLjxCA
190,0.812,0.855,-3.725,0.0554,0.0789,0.000167,0.108,0.573,90.04,48AJSd42lXpicsGqcgopof,192477,4,spotify:track:48AJSd42lXpicsGqcgopof
191,0.518,0.963,-3.516,0.0654,0.113,0.0,0.221,0.662,113.893,5nlAtDjfqF58o3O9cATwE4,287960,4,spotify:track:5nlAtDjfqF58o3O9cATwE4
192,0.519,0.617,-4.287,0.0313,0.0387,0.0,0.401,0.222,147.708,0oWraSo5ASJ0h1BEagTyEw,225300,3,spotify:track:0oWraSo5ASJ0h1BEagTyEw
193,0.807,0.625,-6.67,0.351,0.0741,0.0,0.487,0.871,146.031,6r9xnueU24r4eoG3HXC87E,111971,4,spotify:track:6r9xnueU24r4eoG3HXC87E
194,0.448,0.606,-4.565,0.0609,0.577,0.0,0.217,0.483,121.15,1zu2GKHPJIsUu80SUJX4H4,163613,4,spotify:track:1zu2GKHPJIsUu80SUJX4H4
195,0.597,0.672,-6.956,0.0406,0.528,0.0,0.123,0.195,97.946,3XrYZCn03AnNCU7KqWD1C1,198227,4,spotify:track:3XrYZCn03AnNCU7KqWD1C1
196,0.684,0.449,-9.738,0.611,0.869,0.0,0.0881,0.341,66.165,6Z165JvPnS8PYvGW8oLGLc,157373,4,spotify:track:6Z165JvPnS8PYvGW8oLGLc
197,0.675,0.726,-6.459,0.0461,0.105,0.0,0.153,0.671,124.872,6HBRLaSQ7NB8MNlaqzYen1,186791,4,spotify:track:6HBRLaSQ7NB8MNlaqzYen1
198,0.686,0.883,-4.112,0.0478,0.00405,0.496,0.0761,0.947,134.978,5iHvnjK1ShCkhikbdvS5I2,241782,4,spotify:track:5iHvnjK1ShCkhikbdvS5I2
199,0.744,0.628,-5.435,0.0287,0.0493,0.0,0.317,0.539,119.966,6Kfoo60npYPdvNxMPMiDpX,193565,4,spotify:track:6Kfoo60npYPdvNxMPMiDpX
200,0.43,0.569,-9.274,0.044,0.0115,0.0134,0.163,0.0668,129.992,0muK9BAzu2TJXQgWPsEj6e,165075,4,spotify:track:0muK9BAzu2TJXQgWPsEj6e
201,0.637,0.786,-6.521,0.0388,0.0124,0.0,0.313,0.349,121.965,3XshTshjn4weNRvS4Ci7fo,193707,4,spotify:track:3XshTshjn4weNRvS4Ci7fo
202,0.57,0.573,-6.935,0.476,0.156,0.0,0.256,0.517,76.006,0cp97b37sFNsdIbQH6po3T,229938,4,spotify:track:0cp97b37sFNsdIbQH6po3T
203,0.603,0.691,-5.805,0.0372,0.0248,0.0,0.583,0.577,147.148,0U1W2LZVUX7qTm7dDpqxh6,172267,4,spotify:track:0U1W2LZVUX7qTm7dDpqxh6
204,0.677,0.557,-8.409,0.0694,0.00508,8.36e-06,0.0984,0.1,150.127,62Yo3FDddWY8ydu6PW2wyz,206385,4,spotify:track:62Yo3FDddWY8ydu6PW2wyz
205,0.593,0.41,-13.097,0.0531,0.886,0.0993,0.115,0.201,122.584,6Yj7Zhxt73uvwFFvzQXdxO,254407,4,spotify:track:6Yj7Zhxt73uvwFFvzQXdxO
206,0.462,0.273,-11.768,0.0622,0.903,3.71e-05,0.101,0.334,141.33,0e0JshRej2NwT7jahEmv52,162007,3,spotify:track:0e0JshRej2NwT7jahEmv52
207,0.889,0.489,-8.587,0.108,0.0209,1.78e-05,0.0814,0.843,93.039,01VzuxoBYMAJLObfU0w6dI,192011,4,spotify:track:01VzuxoBYMAJLObfU0w6dI
208,0.529,0.845,-8.142,0.404,0.244,0.0,0.143,0.331,85.63,5Gt9bxniM1SxN61yRzRhXL,255378,3,spotify:track:5Gt9bxniM1SxN61yRzRhXL
209,0.827,0.757,-2.985,0.0564,0.283,1.56e-06,0.102,0.374,95.983,0SsArKudK0oLud8nXMRfN9,185195,4,spotify:track:0SsArKudK0oLud8nXMRfN9
210,0.705,0.613,-7.441,0.123,0.262,6.97e-06,0.198,0.259,74.521,3wn8nOygkHLUQ9dlXM1rKW,167187,4,spotify:track:3wn8nOygkHLUQ9dlXM1rKW
211,0.662,0.855,-3.742,0.0457,0.021,0.0,0.228,0.84,120.079,1S55d7hhptRt8PS6nC1fSY,187017,4,spotify:track:1S55d7hhptRt8PS6nC1fSY
212,0.746,0.793,-5.725,0.0265,0.0519,0.0,0.421,0.656,127.973,0teThZJXIAJigFWFCHhRrU,289493,4,spotify:track:0teThZJXIAJigFWFCHhRrU
213,0.403,0.711,-4.189,0.0569,0.137,0.0,0.109,0.801,203.803,5c37mE38KCxduL41dwsdwg,170560,4,spotify:track:5c37mE38KCxduL41dwsdwg
214,0.717,0.671,-5.077,0.0337,0.0018,2.54e-06,0.0921,0.699,110.054,43B38XWoAqlxs56j9u2B1C,160657,4,spotify:track:43B38XWoAqlxs56j9u2B1C
215,0.326,0.397,-8.145,0.0461,0.619,0.0,0.0979,0.276,153.713,0iNZGC211wst3VjtobNnC5,216095,3,spotify:track:0iNZGC211wst3VjtobNnC5
216,0.641,0.836,-3.952,0.196,0.0283,4.17e-06,0.152,0.693,174.971,2hX4Y6IpShMsHn1P9ceE4D,222533,4,spotify:track:2hX4Y6IpShMsHn1P9ceE4D
217,0.824,0.583,-6.537,0.147,0.00253,0.0,0.266,0.154,147.496,0b7UwotRCrS7qBoLDjfvSY,235501,4,spotify:track:0b7UwotRCrS7qBoLDjfvSY
218,0.658,0.864,-3.858,0.0815,0.0331,0.0,0.109,0.53,126.904,2ojHsrbZaaoumDQKgdsusa,197936,4,spotify:track:2ojHsrbZaaoumDQKgdsusa
219,0.428,0.367,-9.905,0.0914,0.132,0.0,0.149,0.174,71.184,4xKQtLZn8m2d2KJy13ZujE,379004,4,spotify:track:4xKQtLZn8m2d2KJy13ZujE
220,0.87,0.566,-5.659,0.0461,0.157,0.0,0.0735,0.724,111.999,1bpA48rYxsGsien5giUBdZ,158639,4,spotify:track:1bpA48rYxsGsien5giUBdZ
221,0.524,0.233,-12.991,0.104,0.869,4.59e-06,0.369,0.585,175.805,2krESug6AyfOL07tlaGwts,198005,4,spotify:track:2krESug6AyfOL07tlaGwts
222,0.713,0.676,-5.483,0.027,0.0377,0.0,0.154,0.721,99.048,3d5QjgPQx2qZz9loKGg4DP,227395,4,spotify:track:3d5QjgPQx2qZz9loKGg4DP
223,0.541,0.619,-8.746,0.254,0.167,0.00633,0.144,0.491,163.908,3zakx7RAwdkUQlOoQ7SJRt,214693,4,spotify:track:3zakx7RAwdkUQlOoQ7SJRt
224,0.597,0.527,-8.658,0.0412,0.127,0.0,0.14,0.535,123.946,5BeVk8Kqt0ZY9EMoWI8zfS,168387,4,spotify:track:5BeVk8Kqt0ZY9EMoWI8zfS
225,0.797,0.605,-5.123,0.0578,0.0827,3.44e-06,0.124,0.448,110.024,1gK8KWjMpKy5P2erOyd6pO,199853,4,spotify:track:1gK8KWjMpKy5P2erOyd6pO
226,0.542,0.732,-5.956,0.0521,0.00209,7.92e-05,0.496,0.489,124.912,6mpkYUbyN9KjbP94syLrlz,175644,4,spotify:track:6mpkYUbyN9KjbP94syLrlz
227,0.47,0.494,-8.672,0.0349,0.302,0.0,0.0672,0.0524,144.039,4d1CG5ei1E2vGbvmgf5KKv,250100,4,spotify:track:4d1CG5ei1E2vGbvmgf5KKv
228,0.637,0.574,-8.061,0.0532,0.0606,0.000583,0.0574,0.509,129.958,4Ty7xyaoyr2ZeTLRd6aGbL,251075,4,spotify:track:4Ty7xyaoyr2ZeTLRd6aGbL
229,0.514,0.779,-4.365,0.344,0.181,0.0,0.099,0.517,152.869,28qA8y1sz0FTuSapsCxNOG,222497,4,spotify:track:28qA8y1sz0FTuSapsCxNOG
230,0.561,0.882,-4.562,0.0632,0.000843,0.0104,0.118,0.49,131.968,6leoJ4z4b581wuzkQFN7EV,272727,4,spotify:track:6leoJ4z4b581wuzkQFN7EV
231,0.789,0.71,-6.165,0.0681,0.128,0.0,0.112,0.188,138.033,32ny2YtiR7zKi7PBjiQ5Iy,183187,4,spotify:track:32ny2YtiR7zKi7PBjiQ5Iy
232,0.812,0.831,-4.146,0.0588,0.0164,0.00443,0.0433,0.913,128.017,3l5U0R0aReooep0zk2kM33,255000,4,spotify:track:3l5U0R0aReooep0zk2kM33
233,0.702,0.586,-7.83,0.0313,0.0388,7.27e-05,0.156,0.608,134.951,0mL82sxCRjrs3br407IdJh,199111,4,spotify:track:0mL82sxCRjrs3br407IdJh
234,0.745,0.792,-7.225,0.0422,0.0299,0.0316,0.0788,0.595,127.991,0g6SG50ZXfUSUOfHCZwelh,261094,4,spotify:track:0g6SG50ZXfUSUOfHCZwelh
235,0.606,0.544,-7.968,0.0421,0.0285,4.88e-06,0.152,0.335,90.104,1wGpEisE7VmhhSazD8hZ5l,194009,4,spotify:track:1wGpEisE7VmhhSazD8hZ5l
236,0.697,0.663,-7.412,0.0367,0.000194,0.000625,0.0342,0.951,127.958,2Ihx7sR79SWqMmZBrAA3tT,299998,4,spotify:track:2Ihx7sR79SWqMmZBrAA3tT
237,0.583,0.43,-7.748,0.0353,0.801,0.0,0.0867,0.367,84.967,2OcSE0EXzgUuqkM1NIJPHJ,243158,4,spotify:track:2OcSE0EXzgUuqkM1NIJPHJ
238,0.759,0.882,-5.435,0.0822,0.00286,0.00863,0.0393,0.71,128.004,2KlDOdn2feWDRhJ7HCsdIt,255000,4,spotify:track:2KlDOdn2feWDRhJ7HCsdIt
239,0.726,0.353,-10.273,0.105,0.65,0.002,0.224,0.503,137.66,2IlT65thKQQw248mhk2PjQ,169014,4,spotify:track:2IlT65thKQQw248mhk2PjQ
240,0.874,0.62,-5.153,0.066,0.00988,3.64e-05,0.0753,0.9,131.991,5YxSli4gUjYthsY0i3lHIa,269090,4,spotify:track:5YxSli4gUjYthsY0i3lHIa
241,0.784,0.737,-2.174,0.0758,0.0877,0.0,0.1,0.623,97.5,3ZGkdrigbWXLgHungXfZkt,135612,3,spotify:track:3ZGkdrigbWXLgHungXfZkt
242,0.764,0.9,-5.28,0.105,0.000936,0.00801,0.0303,0.542,128.02,473AjnY37WldJKydlFew7R,269973,4,spotify:track:473AjnY37WldJKydlFew7R
243,0.287,0.332,-10.15,0.0433,0.678,0.00375,0.11,0.204,177.804,6MF5JoJYj5uK07Si6fRAPM,75043,4,spotify:track:6MF5JoJYj5uK07Si6fRAPM
244,0.63,0.832,-7.463,0.0404,0.00591,0.14,0.0324,0.92,140.028,3J8MjvnPtOb3CcPDDc4UDj,274286,4,spotify:track:3J8MjvnPtOb3CcPDDc4UDj
245,0.544,0.856,-6.84,0.0314,0.00162,0.818,0.0763,0.233,125.992,1AatidzO222c3WmKYKofRk,219048,4,spotify:track:1AatidzO222c3WmKYKofRk
246,0.601,0.705,-7.593,0.0282,0.000298,0.534,0.428,0.415,127.965,1kZJaFlA6zKibLOnIuKDmA,274219,4,spotify:track:1kZJaFlA6zKibLOnIuKDmA
247,0.773,0.742,-3.678,0.046,0.0206,0.0,0.0754,0.571,114.071,0HqZX76SFLDz2aW8aiqi7G,165265,4,spotify:track:0HqZX76SFLDz2aW8aiqi7G
248,0.608,0.745,-4.13,0.0277,0.0226,6.47e-06,0.0942,0.464,102.025,48UKTR66uUOT9LaUvooTNx,224427,4,spotify:track:48UKTR66uUOT9LaUvooTNx
249,0.793,0.652,-9.286,0.0969,0.000956,0.000636,0.0274,0.961,133.976,0gTcU8Rq7vXWnKWSIllwZa,266864,4,spotify:track:0gTcU8Rq7vXWnKWSIllwZa
250,0.351,0.636,-6.602,0.0375,0.515,0.00421,0.103,0.246,184.584,0ymDgXNt5qdPZmeSpAf3P0,184128,3,spotify:track:0ymDgXNt5qdPZmeSpAf3P0
251,0.775,0.702,-7.08,0.0515,0.00056,0.223,0.097,0.941,127.993,60HtGh2bkcnInZpVjhIlz0,270000,4,spotify:track:60HtGh2bkcnInZpVjhIlz0
252,0.776,0.431,-7.544,0.091,0.671,0.0,0.153,0.495,133.999,6BU1RZexmvJcBjgagVVt3M,283642,4,spotify:track:6BU1RZexmvJcBjgagVVt3M
253,0.667,0.76,-6.092,0.0473,0.00415,0.00378,0.0632,0.858,127.968,2GZmjrWCcmUVFnbcpRoBQ3,257812,4,spotify:track:2GZmjrWCcmUVFnbcpRoBQ3
254,0.696,0.623,-8.738,0.0438,0.466,8.61e-06,0.0983,0.965,154.028,2NWaWZZLFMcr5P4uI2KvWy,223431,3,spotify:track:2NWaWZZLFMcr5P4uI2KvWy
255,0.814,0.786,-7.343,0.0406,0.0032,0.0474,0.0831,0.969,128.013,4zDVc78LCBzFPMHC4oxWrE,270000,4,spotify:track:4zDVc78LCBzFPMHC4oxWrE
256,0.674,0.58,-4.866,0.0311,0.0609,0.0,0.159,0.0759,121.987,3i6sCTU7ENlnHpHvrHUitW,259672,4,spotify:track:3i6sCTU7ENlnHpHvrHUitW
257,0.813,0.716,-5.376,0.13,0.0386,1.23e-05,0.0798,0.91,149.956,3uT0sOI2w704G61aptw6bx,260827,4,spotify:track:3uT0sOI2w704G61aptw6bx
258,0.443,0.72,-3.743,0.0733,0.0669,0.0,0.0909,0.374,89.378,6N9U1wkWniSXD4TKD4ln0h,301304,4,spotify:track:6N9U1wkWniSXD4TKD4ln0h
259,0.773,0.539,-5.684,0.0623,0.00179,0.00426,0.0568,0.719,122.99,4ulhzKxaNaF78cA9pYlToE,232193,4,spotify:track:4ulhzKxaNaF78cA9pYlToE
260,0.354,0.497,-10.528,0.259,0.899,0.000283,0.176,0.295,69.278,4lfAwGFU3Zo2ZruXzRG8tw,141019,4,spotify:track:4lfAwGFU3Zo2ZruXzRG8tw
261,0.661,0.977,-4.896,0.0326,0.00187,0.323,0.0395,0.904,140.022,04pwXqJ3VjS5n7cZcpUMis,274286,4,spotify:track:04pwXqJ3VjS5n7cZcpUMis
262,0.733,0.653,-6.094,0.0391,0.0179,0.0218,0.184,0.752,119.996,1QxIFMs4M8qd5cbJJu80v4,182895,5,spotify:track:1QxIFMs4M8qd5cbJJu80v4
263,0.724,0.876,-5.013,0.0722,0.00924,0.000109,0.0669,0.861,128.014,14ai0J4YmYBKdZS3BNQUDv,259320,4,spotify:track:14ai0J4YmYBKdZS3BNQUDv
264,0.83,0.644,-5.431,0.407,0.0298,0.0,0.11,0.227,155.103,02Cj2MSlERvamTj5A7Zi0P,173419,4,spotify:track:02Cj2MSlERvamTj5A7Zi0P
265,0.744,0.828,-5.911,0.0289,0.0646,1.4e-05,0.0858,0.579,124.029,1qecpOPV8iLq6W1dI5GBcZ,127766,4,spotify:track:1qecpOPV8iLq6W1dI5GBcZ
266,0.604,0.473,-8.866,0.0907,0.356,1.98e-06,0.163,0.349,90.97,5YbHnEYZFkOxLsp5syLMLy,162010,4,spotify:track:5YbHnEYZFkOxLsp5syLMLy
267,0.563,0.7,-6.314,0.0354,6.02e-05,0.0417,0.0347,0.807,127.964,611IkuKCOwyORg9MzdZXYB,270000,4,spotify:track:611IkuKCOwyORg9MzdZXYB
268,0.864,0.412,-5.886,0.273,0.458,0.00087,0.124,0.654,99.992,1I4lCSP69P74nU3a6Su5L2,97209,4,spotify:track:1I4lCSP69P74nU3a6Su5L2
269,0.777,0.661,-8.186,0.0538,0.00397,0.613,0.0643,0.886,128.015,74M12fRFBuCfh9YgFjrPBl,262520,4,spotify:track:74M12fRFBuCfh9YgFjrPBl
270,0.645,0.671,-7.208,0.0459,0.0597,8e-06,0.11,0.365,82.546,2meHtZ7N97pJfvTL4hYtfv,169661,4,spotify:track:2meHtZ7N97pJfvTL4hYtfv
271,0.757,0.493,-11.081,0.036,0.000661,0.00971,0.0983,0.888,131.986,4hELqNgMSBQ61MhsA4wn78,236364,4,spotify:track:4hELqNgMSBQ61MhsA4wn78
272,0.594,0.679,-3.702,0.345,0.484,7.83e-06,0.114,0.66,106.726,1dp8aQANyTRKssDeAYPiZe,152613,5,spotify:track:1dp8aQANyTRKssDeAYPiZe
273,0.539,0.708,-6.189,0.0976,0.0129,0.0,0.14,0.381,123.039,4IPKCyPnd83RyvBOna7kM6,186141,4,spotify:track:4IPKCyPnd83RyvBOna7kM6
274,0.611,0.584,-6.897,0.0301,0.083,0.0,0.432,0.181,116.106,1NvpO1o8SpkdH3txtJQQc7,243486,4,spotify:track:1NvpO1o8SpkdH3txtJQQc7
275,0.729,0.706,-4.312,0.0482,0.00203,0.144,0.0704,0.673,109.977,4AhgBxVl6wePP44UBIQQnk,218181,4,spotify:track:4AhgBxVl6wePP44UBIQQnk
276,0.702,0.586,-5.317,0.118,0.55,0.0,0.27,0.965,112.852,5kpxVMDvYGRmNqawPqDTYR,158093,4,spotify:track:5kpxVMDvYGRmNqawPqDTYR
277,0.326,0.866,-4.541,0.101,0.0044,7.37e-06,0.0912,0.172,178.181,0kYMwaQWABTkFff8AZjmYI,215040,4,spotify:track:0kYMwaQWABTkFff8AZjmYI
278,0.428,0.443,-8.955,0.101,0.525,1.76e-05,0.219,0.2,87.934,6TSO4hwz9WGrEUY7ABGVim,180954,4,spotify:track:6TSO4hwz9WGrEUY7ABGVim
279,0.642,0.787,-6.389,0.17,0.0185,0.0,0.288,0.406,146.733,5QvW5lK6mkfTegpAK9JOO7,130897,4,spotify:track:5QvW5lK6mkfTegpAK9JOO7
280,0.614,0.81,-5.184,0.0926,0.0101,0.0,0.0832,0.605,171.09,3SWGtKHaCFEUqfm9ydUFVw,153097,4,spotify:track:3SWGtKHaCFEUqfm9ydUFVw
281,0.51,0.272,-13.763,0.0557,0.303,0.0,0.0958,0.435,143.984,2c2tlXfEmLgUNvxngIi1qL,247080,4,spotify:track:2c2tlXfEmLgUNvxngIi1qL
282,0.64,0.553,-6.42,0.0411,0.0579,0.0,0.0914,0.486,81.992,6GUiIbJ834FcHewby3PwV0,148471,4,spotify:track:6GUiIbJ834FcHewby3PwV0
283,0.744,0.608,-6.386,0.0442,0.0295,0.0,0.397,0.0692,130.045,6OrTKLtcF7EBayOV2QqkSK,221538,4,spotify:track:6OrTKLtcF7EBayOV2QqkSK
284,0.471,0.912,-3.032,0.0724,0.032,0.0,0.343,0.613,139.667,2gJj6WtAxXjApMs3PXsCeX,190780,4,spotify:track:2gJj6WtAxXjApMs3PXsCeX
285,0.444,0.669,-6.727,0.125,0.0669,0.0,0.124,0.44,183.441,21szgNA72iLwvBxHQLgwBh,177109,4,spotify:track:21szgNA72iLwvBxHQLgwBh
286,0.34,0.684,-6.306,0.044,0.00979,0.0,0.348,0.556,112.969,7AYP21Q4qnxw2WxETEvSRb,248819,4,spotify:track:7AYP21Q4qnxw2WxETEvSRb
287,0.504,0.736,-6.079,0.0352,0.00216,0.0,0.129,0.46,148.014,4RG7P0CXQ4pe0OeCAHjX5L,199733,4,spotify:track:4RG7P0CXQ4pe0OeCAHjX5L
288,0.502,0.645,-10.611,0.122,0.444,0.00964,0.107,0.518,109.739,7hRlTK3mgFTBEjX7DjqBsI,202451,4,spotify:track:7hRlTK3mgFTBEjX7DjqBsI
289,0.698,0.687,-4.115,0.0501,0.195,0.0,0.0829,0.773,116.765,7ifMxHITc3NIipJO4R5NGb,202876,4,spotify:track:7ifMxHITc3NIipJO4R5NGb
290,0.937,0.793,-4.431,0.115,0.0453,0.0,0.341,0.794,106.022,4pi1G1x8tl9VfdD9bL3maT,172540,4,spotify:track:4pi1G1x8tl9VfdD9bL3maT
291,0.557,0.706,-6.592,0.0649,0.268,0.0,0.132,0.582,105.013,2vy9Ry1TNjCD85TiCbTz0r,237933,4,spotify:track:2vy9Ry1TNjCD85TiCbTz0r
292,0.499,0.671,-6.774,0.0561,0.114,0.0169,0.148,0.0557,124.994,0oiv4E896TUTTeQU0cmIui,336924,3,spotify:track:0oiv4E896TUTTeQU0cmIui
293,0.703,0.709,-4.169,0.0433,0.00379,5.43e-05,0.333,0.538,117.941,0Q5VnK2DYzRyfqQRJuUtvi,177187,4,spotify:track:0Q5VnK2DYzRyfqQRJuUtvi
294,0.584,0.821,-3.628,0.0305,0.01,0.0,0.196,0.571,146.0,6iai8D40xiwuktWrxcInt1,201733,4,spotify:track:6iai8D40xiwuktWrxcInt1
295,0.744,0.495,-6.311,0.0634,0.0216,0.0,0.111,0.128,83.51,1hB3M3POeKMLxcEFEvPeqU,231221,4,spotify:track:1hB3M3POeKMLxcEFEvPeqU
296,0.855,0.59,-8.55,0.0751,0.28,0.0982,0.149,0.283,110.016,3K56RPWS4q200IwHiIZcUD,137184,4,spotify:track:3K56RPWS4q200IwHiIZcUD
297,0.864,0.476,-10.068,0.436,0.0374,0.0,0.374,0.647,157.144,1vrFJDrysqmsNAgyjBzx4f,137580,4,spotify:track:1vrFJDrysqmsNAgyjBzx4f
298,0.56,0.234,-16.958,0.64,0.539,1.15e-05,0.119,0.613,133.687,5XxmqfsLLFQrpjygaQDeB5,81887,1,spotify:track:5XxmqfsLLFQrpjygaQDeB5
299,0.596,0.868,-4.95,0.161,0.12,0.518,0.0514,0.705,118.02,6riuMNiPqRmE4LPJZGzIuv,173390,4,spotify:track:6riuMNiPqRmE4LPJZGzIuv
300,0.517,0.668,-6.012,0.116,0.0712,0.0,0.407,0.646,79.782,4IxeKzzxUSEgivgtbSbyIK,169824,4,spotify:track:4IxeKzzxUSEgivgtbSbyIK
301,0.636,0.876,-3.413,0.0555,0.00164,0.0,0.117,0.799,120.983,63WuQOXohQIxOxIFA2K7bR,148064,4,spotify:track:63WuQOXohQIxOxIFA2K7bR
302,0.476,0.189,-13.777,0.0329,0.904,4.52e-06,0.254,0.324,115.851,4axSuOg3BqsowKjRpj59RU,264439,4,spotify:track:4axSuOg3BqsowKjRpj59RU
303,0.825,0.414,-6.634,0.144,0.00265,0.0,0.357,0.106,72.993,1Y5Jvi3eLi4Chwqch9GMem,200548,4,spotify:track:1Y5Jvi3eLi4Chwqch9GMem
304,0.891,0.62,-6.822,0.157,0.176,1.59e-06,0.103,0.535,82.035,0vp1sk3FzuDBeLMLcRhQdL,143415,4,spotify:track:0vp1sk3FzuDBeLMLcRhQdL
305,0.927,0.642,-4.466,0.0657,0.00791,3.62e-05,0.279,0.901,123.969,0TyUOnU4H4GLqOcrH0auc8,190883,4,spotify:track:0TyUOnU4H4GLqOcrH0auc8
306,0.682,0.764,-5.411,0.0477,0.0363,0.0,0.103,0.701,97.023,1nltpRhEiXikwDlVn4UADk,192721,4,spotify:track:1nltpRhEiXikwDlVn4UADk
307,0.762,0.649,-5.624,0.0527,0.58,1.7e-05,0.0971,0.501,145.09,293mQGfVwgXIOdA1GpiwAt,239146,4,spotify:track:293mQGfVwgXIOdA1GpiwAt
308,0.555,0.832,-3.691,0.0412,0.28,0.0,0.0894,0.43,170.124,3qAJAUr7yc9bPDx4ESt6ND,209903,3,spotify:track:3qAJAUr7yc9bPDx4ESt6ND
309,0.582,0.797,-4.926,0.0334,0.23,0.0,0.132,0.595,135.973,3HO30hRbkOLU6ZWERayfQO,196027,4,spotify:track:3HO30hRbkOLU6ZWERayfQO
310,0.971,0.851,-5.586,0.269,0.0344,0.0,0.092,0.81,120.008,4ue41gFbAjoU0P1EberJWm,143325,4,spotify:track:4ue41gFbAjoU0P1EberJWm
311,0.601,0.836,-3.42,0.0342,0.0974,0.0,0.106,0.338,127.934,79gv58G6usuURwl6TlmBTu,254747,4,spotify:track:79gv58G6usuURwl6TlmBTu
312,0.659,0.745,-3.599,0.0347,0.0417,0.0,0.296,0.54,74.967,7qTaDOcld0VmBWXnkbUj45,185600,4,spotify:track:7qTaDOcld0VmBWXnkbUj45
313,0.314,0.439,-5.726,0.0311,0.671,0.0,0.181,0.364,180.119,67dU06KGaJHLLlo5Y5bkD2,248178,4,spotify:track:67dU06KGaJHLLlo5Y5bkD2
314,0.87,0.835,-5.875,0.311,0.0353,0.0,0.142,0.901,140.051,0RkCnqwF8Tfl2QGPZwopyk,118249,4,spotify:track:0RkCnqwF8Tfl2QGPZwopyk
315,0.665,0.678,-4.122,0.0315,0.00156,0.0,0.474,0.682,131.986,50eJOxJiGmJ7PBZaTKpje1,122570,4,spotify:track:50eJOxJiGmJ7PBZaTKpje1
316,0.446,0.144,-22.89,0.222,0.725,0.576,0.113,0.162,84.734,4jVVDplelsJ5ALtslwVIGY,166594,3,spotify:track:4jVVDplelsJ5ALtslwVIGY
317,0.743,0.733,-3.029,0.0597,0.026,0.0,0.353,0.375,121.134,3MTm8eZ2wCEtpyZqqhP6Dn,172822,4,spotify:track:3MTm8eZ2wCEtpyZqqhP6Dn
318,0.551,0.436,-8.029,0.0428,0.395,0.0,0.0719,0.862,188.651,74WROFXsox6wkeUrEK2DS6,170745,3,spotify:track:74WROFXsox6wkeUrEK2DS6
319,0.81,0.655,-6.779,0.0698,0.127,8.16e-05,0.105,0.809,150.002,2KdKh9vHbKW0tZLqtpxxI0,193322,4,spotify:track:2KdKh9vHbKW0tZLqtpxxI0
320,0.53,0.835,-3.69,0.11,0.0453,0.0,0.0637,0.471,166.02,0sb8ClU3CLoNblxkpmOKzA,190319,4,spotify:track:0sb8ClU3CLoNblxkpmOKzA
321,0.514,0.65,-8.867,0.499,0.138,0.0,0.103,0.236,127.428,19n0UZuW8AArMVWNztoXu9,179149,5,spotify:track:19n0UZuW8AArMVWNztoXu9
322,0.496,0.425,-20.25,0.662,0.557,0.0062,0.103,0.0456,91.802,4ySnAthMdhRetSug0JEO64,305010,4,spotify:track:4ySnAthMdhRetSug0JEO64
323,0.788,0.603,-6.959,0.1,0.00439,0.000232,0.144,0.216,142.943,0Pq8CSHDXInMK8atOkWSAv,181440,4,spotify:track:0Pq8CSHDXInMK8atOkWSAv
324,0.775,0.688,-10.912,0.0593,0.0176,0.0917,0.108,0.284,120.017,1XsRwo2it6QHdV2OiT6IzF,336005,4,spotify:track:1XsRwo2it6QHdV2OiT6IzF
325,0.659,0.502,-6.538,0.0375,0.363,5.14e-06,0.432,0.512,101.913,7DrzZN5jaDyE0a0tVuVWnj,179133,4,spotify:track:7DrzZN5jaDyE0a0tVuVWnj
326,0.633,0.511,-5.665,0.0368,0.434,0.0,0.248,0.29,116.855,4JzCFEc3O2UEdjKzevvFH5,264481,3,spotify:track:4JzCFEc3O2UEdjKzevvFH5
327,0.323,0.737,-4.008,0.0335,0.14,0.000162,0.163,0.156,112.923,1ji7BL3gzsrq22AFqXmj9j,241067,4,spotify:track:1ji7BL3gzsrq22AFqXmj9j
328,0.581,0.725,-4.958,0.164,0.362,0.000311,0.57,0.658,113.248,6detE2x59NN55a5ZgUgF6w,197961,5,spotify:track:6detE2x59NN55a5ZgUgF6w
329,0.468,0.608,-4.938,0.0363,0.191,0.0,0.304,0.146,134.096,4qxnrhzvKudNPVUKlp6fg7,228373,3,spotify:track:4qxnrhzvKudNPVUKlp6fg7
330,0.663,0.502,-7.07,0.0285,0.791,0.0,0.105,0.371,143.969,4q9NEq8kUmSZwtNsxL2KJN,183087,4,spotify:track:4q9NEq8kUmSZwtNsxL2KJN
331,0.763,0.782,-4.541,0.0346,0.182,7.08e-06,0.293,0.502,127.034,3sa06xVNmLLYIxdNNmVQN8,177689,4,spotify:track:3sa06xVNmLLYIxdNNmVQN8
332,0.601,0.92,-4.802,0.0505,0.000735,0.0,0.0998,0.537,88.014,25wdC7CJmCJPgnKw9rYquJ,170134,4,spotify:track:25wdC7CJmCJPgnKw9rYquJ
333,0.796,0.56,-6.135,0.238,0.127,1.36e-06,0.292,0.698,149.884,3f9lNXFSpE93mkVcQmm4x3,141043,4,spotify:track:3f9lNXFSpE93mkVcQmm4x3
334,0.392,0.354,-8.872,0.145,0.775,0.0,0.144,0.453,74.467,41vOAwrIfiE35QytBrHHBm,226011,1,spotify:track:41vOAwrIfiE35QytBrHHBm
335,0.718,0.319,-11.261,0.0435,0.965,0.00036,0.0895,0.639,109.994,3N3d4OWbPVxTQVBFqNyykk,250865,4,spotify:track:3N3d4OWbPVxTQVBFqNyykk
336,0.766,0.485,-8.343,0.237,0.111,0.0,0.436,0.289,140.055,1fz22sUZlpL9jZOWz02wws,134908,4,spotify:track:1fz22sUZlpL9jZOWz02wws
337,0.613,0.377,-8.562,0.0324,0.44,9.5e-05,0.113,0.276,141.983,2RhMiIkZA43AIBCPjBGLPJ,216063,4,spotify:track:2RhMiIkZA43AIBCPjBGLPJ
338,0.826,0.603,-7.659,0.0737,0.0474,0.0,0.0831,0.681,107.494,4ELynSlkV4OHcBCFenFJ7U,160290,4,spotify:track:4ELynSlkV4OHcBCFenFJ7U
339,0.552,0.411,-7.946,0.0434,0.794,3.5e-06,0.248,0.501,78.095,0qoSVsQJOTINFkkux2lbJj,181239,4,spotify:track:0qoSVsQJOTINFkkux2lbJj
340,0.73,0.785,-7.986,0.243,0.105,0.0,0.0445,0.596,82.037,7My9ca9QEIR8MvIOdIrTWA,215120,4,spotify:track:7My9ca9QEIR8MvIOdIrTWA
341,0.567,0.824,-6.973,0.296,0.167,2.65e-06,0.149,0.737,138.202,1REVvAphiSTJyKQ1fDpHa4,329295,4,spotify:track:1REVvAphiSTJyKQ1fDpHa4
342,0.707,0.478,-4.602,0.0671,0.581,0.0,0.112,0.571,109.986,33aLws184a7SVqraKuDqI3,157636,4,spotify:track:33aLws184a7SVqraKuDqI3
343,0.553,0.659,-7.295,0.0391,0.0027,0.0,0.105,0.105,120.146,0VO8gYVDSwM1Qdd2GsMoYK,234000,4,spotify:track:0VO8gYVDSwM1Qdd2GsMoYK
344,0.642,0.768,-3.674,0.0248,0.208,0.0,0.225,0.546,97.485,7KDYKPhxFFRDBSbgcfLxUT,227815,3,spotify:track:7KDYKPhxFFRDBSbgcfLxUT
345,0.587,0.632,-5.416,0.0311,0.148,1.01e-05,0.158,0.392,139.974,5ZCjp56T8J6d7amJyFSzrI,199040,4,spotify:track:5ZCjp56T8J6d7amJyFSzrI
346,0.408,0.47,-10.149,0.0893,0.666,5.44e-05,0.0926,0.0953,51.66,4lUsBLTAiufWocWtg4H0my,234613,4,spotify:track:4lUsBLTAiufWocWtg4H0my
347,0.354,0.475,-9.333,0.0425,0.149,0.034,0.21,0.0393,114.975,1X8E4vVoOM3BpSQlEDSjjM,217222,4,spotify:track:1X8E4vVoOM3BpSQlEDSjjM
348,0.505,0.249,-14.879,0.139,0.115,0.0,0.155,0.207,115.815,7newfXclX39UwWTw2gDswM,182069,4,spotify:track:7newfXclX39UwWTw2gDswM
349,0.824,0.577,-9.443,0.357,0.0109,0.0,0.107,0.442,154.081,0VlpgNPHWCyh8xxLcaK2fp,159927,4,spotify:track:0VlpgNPHWCyh8xxLcaK2fp
350,0.594,0.382,-5.432,0.0292,0.416,0.0,0.117,0.223,110.237,7lNmcW2wW6ciV9Rhh8YOMe,254258,4,spotify:track:7lNmcW2wW6ciV9Rhh8YOMe
351,0.453,0.673,-5.649,0.144,0.32,0.0,0.131,0.266,92.06,1UdzJEpgJxtuXAlCOvD4S0,159849,4,spotify:track:1UdzJEpgJxtuXAlCOvD4S0
352,0.537,0.598,-8.858,0.232,0.211,0.00576,0.144,0.468,163.943,7dJKtfSjZ4JEtldjeL0acg,214693,4,spotify:track:7dJKtfSjZ4JEtldjeL0acg
353,0.436,0.255,-8.623,0.0364,0.955,3.28e-05,0.106,0.15,113.265,7dDrR6vMK1JAwZZ5MIWgme,205280,4,spotify:track:7dDrR6vMK1JAwZZ5MIWgme
354,0.547,0.483,-10.716,0.0933,0.892,0.000487,0.182,0.375,66.714,1ohiLbl4LitKj1A2vhc9Dw,141019,4,spotify:track:1ohiLbl4LitKj1A2vhc9Dw
355,0.528,0.228,-13.029,0.14,0.864,1.69e-05,0.37,0.604,175.916,0LLwEMjBYNESOTW04NinQN,198005,4,spotify:track:0LLwEMjBYNESOTW04NinQN
356,0.748,0.841,-5.08,0.177,0.00445,1.33e-06,0.0413,0.717,123.045,3Z7CaxQkqbIs1rewKi6v4W,129817,4,spotify:track:3Z7CaxQkqbIs1rewKi6v4W
357,0.516,0.248,-11.942,0.0519,0.888,0.000145,0.102,0.348,131.442,31CyRsjrpPmxRF9bfRfI4F,162007,3,spotify:track:31CyRsjrpPmxRF9bfRfI4F
358,0.672,0.58,-5.66,0.234,0.0934,0.0,0.103,0.116,111.55,5gcsJvWzuPMeJBQYdiO0RS,177731,3,spotify:track:5gcsJvWzuPMeJBQYdiO0RS
359,0.794,0.677,-9.969,0.0713,0.446,0.0313,0.076,0.611,101.467,7Jph6HJbfURt4Fea19IED3,170496,3,spotify:track:7Jph6HJbfURt4Fea19IED3
360,0.659,0.712,-4.021,0.0576,0.0783,0.0,0.0915,0.407,90.118,3LqvPkk4AAnStbxJyKqt9Z,301304,4,spotify:track:3LqvPkk4AAnStbxJyKqt9Z
361,0.978,0.683,-5.743,0.0981,0.0634,5.88e-05,0.523,0.419,118.041,02nTpchENdZ4Nm8AfTmrFv,146441,4,spotify:track:02nTpchENdZ4Nm8AfTmrFv
362,0.732,0.734,-7.968,0.0974,0.136,0.000901,0.165,0.488,145.722,6f44p3Kc4ayD9VtbC9Clkr,199500,4,spotify:track:6f44p3Kc4ayD9VtbC9Clkr
363,0.795,0.565,-4.457,0.0948,0.131,0.0,0.0802,0.55,87.925,2PDgArI0p7UkeYgXWuqpmh,172342,4,spotify:track:2PDgArI0p7UkeYgXWuqpmh
364,0.412,0.881,-3.502,0.087,0.00039,5.82e-05,0.923,0.359,165.012,3tBZ60j1jQ7NJm8IjelyQe,159096,4,spotify:track:3tBZ60j1jQ7NJm8IjelyQe
365,0.898,0.58,-7.632,0.26,0.0101,0.0,0.169,0.661,84.018,4heBcjj4Lw3X2sQVFNbLbz,204286,4,spotify:track:4heBcjj4Lw3X2sQVFNbLbz
366,0.791,0.468,-9.153,0.243,0.296,1.54e-05,0.298,0.398,133.082,5UOh9dtYzosayTk9eHVoKw,198004,4,spotify:track:5UOh9dtYzosayTk9eHVoKw
367,0.375,0.326,-10.113,0.0415,0.68,0.00113,0.11,0.196,127.188,0LjnA0aB2oA3BY73lftVtA,75043,5,spotify:track:0LjnA0aB2oA3BY73lftVtA
368,0.905,0.487,-8.749,0.119,0.0191,0.000155,0.0842,0.813,93.023,06HwITF9GftCRHmX49BQy7,192011,4,spotify:track:06HwITF9GftCRHmX49BQy7
369,0.756,0.697,-6.377,0.0401,0.182,0.0,0.333,0.956,94.996,2DB4DdfCFMw1iaR6JaR03a,206071,4,spotify:track:2DB4DdfCFMw1iaR6JaR03a
370,0.756,0.23,-13.059,0.108,0.664,0.0223,0.209,0.473,137.762,4DYtTTKXj72rVytUp8wgQx,169014,4,spotify:track:4DYtTTKXj72rVytUp8wgQx
371,0.707,0.483,-7.365,0.059,0.106,3.54e-06,0.0356,0.386,87.999,3RhyHYnYxuGnP8njFlNxHq,152787,4,spotify:track:3RhyHYnYxuGnP8njFlNxHq
372,0.501,0.263,-13.784,0.0504,0.289,0.0,0.0968,0.444,143.989,0QhXOyqE6azualep49YUIU,247080,4,spotify:track:0QhXOyqE6azualep49YUIU
373,0.718,0.607,-7.307,0.185,0.00227,1.32e-06,0.299,0.499,144.93,5tLdDm1cVYAH2kk7TyjmdW,226362,4,spotify:track:5tLdDm1cVYAH2kk7TyjmdW
374,0.592,0.485,-8.762,0.101,0.372,0.0,0.165,0.269,91.15,13dkymzNGVP2gOxQGR9kJW,162010,4,spotify:track:13dkymzNGVP2gOxQGR9kJW
375,0.479,0.742,-5.587,0.0539,0.0069,0.000834,0.278,0.454,142.909,2FGOg7uYBfnspkPOISXTFY,181400,3,spotify:track:2FGOg7uYBfnspkPOISXTFY
376,0.875,0.831,-5.991,0.0772,0.278,1.69e-05,0.0877,0.742,91.99,5ycvEFxPeQqqkdOUgWhrJl,170322,4,spotify:track:5ycvEFxPeQqqkdOUgWhrJl
377,0.705,0.407,-7.964,0.037,0.622,2.65e-06,0.0867,0.322,109.003,1emUJfYrNiu2TuUsz8WiQf,202693,4,spotify:track:1emUJfYrNiu2TuUsz8WiQf
378,0.601,0.787,-6.178,0.031,0.0492,0.0,0.142,0.525,134.981,0Dtv5iaqPWtftabQfjBvxh,175163,4,spotify:track:0Dtv5iaqPWtftabQfjBvxh
379,0.664,0.559,-7.568,0.075,0.139,0.0,0.303,0.548,153.95,31xA2Iti4kb3aMiX75e8Y5,149611,4,spotify:track:31xA2Iti4kb3aMiX75e8Y5
380,0.581,0.8,-2.613,0.411,0.154,0.0,0.0697,0.709,119.872,63irPUP3xB74fHdw1Aw9zR,182758,5,spotify:track:63irPUP3xB74fHdw1Aw9zR
381,0.836,0.703,-3.554,0.0657,0.0845,0.0,0.138,0.902,94.048,7FlQk2gJ6TBrHHiidvdR2O,226093,4,spotify:track:7FlQk2gJ6TBrHHiidvdR2O
382,0.842,0.505,-8.627,0.402,0.472,0.000322,0.117,0.538,119.993,1PNs0uGru3TcrA94kpyGnc,207065,4,spotify:track:1PNs0uGru3TcrA94kpyGnc
383,0.594,0.484,-7.093,0.0299,0.286,0.0,0.0878,0.281,168.006,106WZMD4t61E3WIBPtXTDK,202178,4,spotify:track:106WZMD4t61E3WIBPtXTDK
384,0.742,0.617,-6.689,0.0345,0.05,5.92e-05,0.0711,0.491,147.002,1T4tQ4SSagbhAKpvcWg035,124188,4,spotify:track:1T4tQ4SSagbhAKpvcWg035
385,0.706,0.91,-3.527,0.146,0.175,2e-06,0.11,0.667,126.007,5Sk39LuvdwuvL84jD01Dum,107045,4,spotify:track:5Sk39LuvdwuvL84jD01Dum
386,0.615,0.782,-3.386,0.0331,0.0173,0.0,0.189,0.562,96.97,3rvEUrjnl3eXXmKiKLkzRN,193053,4,spotify:track:3rvEUrjnl3eXXmKiKLkzRN
387,0.644,0.671,-5.156,0.315,0.0225,0.0,0.0855,0.563,132.001,5vhrsx08dHh2QcVh1Rsiwt,250723,4,spotify:track:5vhrsx08dHh2QcVh1Rsiwt
388,0.709,0.357,-9.289,0.214,0.478,0.000294,0.112,0.544,75.494,4XJRpBOG0bU3Nxnvam3FnC,129480,4,spotify:track:4XJRpBOG0bU3Nxnvam3FnC
389,0.588,0.452,-4.75,0.0268,0.437,0.0,0.344,0.734,139.953,0UXlu64mDLvfzR8IXMz06J,185723,4,spotify:track:0UXlu64mDLvfzR8IXMz06J
390,0.593,0.834,-3.738,0.0424,0.115,0.0,0.191,0.555,151.944,753lkDSNs2u188xbl8Vrnx,196987,4,spotify:track:753lkDSNs2u188xbl8Vrnx
391,0.711,0.686,-6.409,0.271,0.0355,0.0,0.124,0.536,146.971,3FSwpQ9dBZBeBV6UdYHI2R,173187,4,spotify:track:3FSwpQ9dBZBeBV6UdYHI2R
392,0.233,0.432,-5.957,0.0321,0.291,0.0,0.279,0.286,195.663,16LGRLfaVIC5rT2ZvLk0gd,184747,3,spotify:track:16LGRLfaVIC5rT2ZvLk0gd
393,0.847,0.69,-7.877,0.0493,0.0127,6e-05,0.0526,0.692,125.004,4zN21mbAuaD0WqtmaTZZeP,186662,4,spotify:track:4zN21mbAuaD0WqtmaTZZeP
394,0.544,0.196,-18.55,0.541,0.478,3.36e-05,0.12,0.6,136.101,5CzKkZL94UTH5URjomI0nF,81887,1,spotify:track:5CzKkZL94UTH5URjomI0nF
395,0.612,0.44,-5.894,0.034,0.762,2.56e-06,0.0858,0.683,133.872,0OPiOIAyw2FUjKm8PXBGhq,176459,4,spotify:track:0OPiOIAyw2FUjKm8PXBGhq
396,0.504,0.267,-13.678,0.406,0.438,0.0,0.141,0.392,83.966,3vZGtceCbJVh5aDT4XhE0p,242823,4,spotify:track:3vZGtceCbJVh5aDT4XhE0p
397,0.664,0.5,-6.935,0.0651,0.799,0.0,0.0966,0.801,117.896,0GNVXNz7Jkicfk2mp5OyG5,182347,4,spotify:track:0GNVXNz7Jkicfk2mp5OyG5
398,0.75,0.797,-4.826,0.118,0.293,0.0,0.392,0.523,105.949,4RAR8g8fZNB106ezUurnE0,215203,4,spotify:track:4RAR8g8fZNB106ezUurnE0
399,0.628,0.517,-7.031,0.0596,0.45,1.27e-06,0.104,0.295,79.029,5HVc3YeNKDFomPhXBKE90U,208067,4,spotify:track:5HVc3YeNKDFomPhXBKE90U
400,0.821,0.897,-3.624,0.129,0.091,3.44e-06,0.106,0.354,154.985,62tDpymKVSXEu0W3d4AMr9,171827,4,spotify:track:62tDpymKVSXEu0W3d4AMr9
401,0.889,0.449,-7.63,0.293,0.0313,0.0,0.0581,0.911,137.941,7Mto5DGHzHXzF1hpsMRtYK,121113,4,spotify:track:7Mto5DGHzHXzF1hpsMRtYK
402,0.818,0.67,-4.45,0.047,0.3,1.13e-06,0.0601,0.947,119.987,5YsqdKKBgyeGBUebwGMRWG,235382,4,spotify:track:5YsqdKKBgyeGBUebwGMRWG
403,0.441,0.169,-14.952,0.035,0.986,0.905,0.1,0.147,112.615,5vmvF4zNqr4l92LPKK9RBL,181840,4,spotify:track:5vmvF4zNqr4l92LPKK9RBL
404,0.598,0.448,-6.312,0.0232,0.162,0.0,0.106,0.168,95.009,4OWTYCVM3n06fKRuCq8LPV,263400,3,spotify:track:4OWTYCVM3n06fKRuCq8LPV
405,0.768,0.935,-4.902,0.0598,0.0488,0.00117,0.339,0.8,125.971,4iUYuH1ou9vRtDz2iumuCC,189577,4,spotify:track:4iUYuH1ou9vRtDz2iumuCC
406,0.52,0.849,-3.794,0.186,0.00253,0.0,0.119,0.774,175.908,6wndmTfkvUhSW0tDspkA7L,236907,4,spotify:track:6wndmTfkvUhSW0tDspkA7L
407,0.521,0.133,-10.599,0.0431,0.852,0.0,0.35,0.392,140.086,5OKiNLJow891uAB2ZJTLt6,268760,4,spotify:track:5OKiNLJow891uAB2ZJTLt6
408,0.718,0.379,-10.48,0.0359,0.607,0.000472,0.0986,0.22,108.033,50rwSt6UgKydOwvp8CroJE,258987,4,spotify:track:50rwSt6UgKydOwvp8CroJE
409,0.788,0.859,-2.724,0.0856,0.281,0.0,0.0424,0.822,141.02,3ZjBIezBHOpACbrPLJ8phv,207853,4,spotify:track:3ZjBIezBHOpACbrPLJ8phv
410,0.693,0.643,-5.867,0.0828,0.138,0.0,0.108,0.477,95.055,1GELWoizGVyrU68KbngKgI,163450,4,spotify:track:1GELWoizGVyrU68KbngKgI
411,0.567,0.211,-9.975,0.0315,0.952,5.24e-05,0.275,0.289,134.019,4e6E6OYNMbRjIcoKXKHfT3,185587,4,spotify:track:4e6E6OYNMbRjIcoKXKHfT3
412,0.863,0.62,-7.167,0.135,0.0508,0.00324,0.129,0.432,103.971,296nXCOv97WJNRWzIBQnoj,168437,4,spotify:track:296nXCOv97WJNRWzIBQnoj
413,0.674,0.693,-7.021,0.0711,0.00584,2.81e-06,0.135,0.174,96.027,0crGQ19YYzGgFYLSw0UdrG,183507,4,spotify:track:0crGQ19YYzGgFYLSw0UdrG
414,0.428,0.367,-9.905,0.0914,0.132,0.0,0.149,0.174,71.184,1RR29QADKP8ygptqTDdHSH,379004,4,spotify:track:1RR29QADKP8ygptqTDdHSH
415,0.349,0.545,-6.073,0.0352,0.105,0.0,0.153,0.209,104.477,6FH6fmlh9DbvssuEQyQEVd,214100,4,spotify:track:6FH6fmlh9DbvssuEQyQEVd
416,0.648,0.68,-7.276,0.345,0.292,0.0,0.0808,0.504,106.89,67XC51nlZncNpHmZ8rOU9a,341307,3,spotify:track:67XC51nlZncNpHmZ8rOU9a
417,0.602,0.841,-3.334,0.109,0.0354,0.0,0.235,0.684,157.937,1IthE5GNiRzFN5CVaCa445,238628,4,spotify:track:1IthE5GNiRzFN5CVaCa445
418,0.765,0.777,-4.376,0.0399,0.0539,2.58e-06,0.338,0.64,111.944,6I2tqFhk8tq69iursYxuxd,197587,4,spotify:track:6I2tqFhk8tq69iursYxuxd
419,0.505,0.27,-9.165,0.0333,0.593,0.0,0.133,0.557,98.721,1SjsVdSXpwm1kTdYEHoPIT,163032,4,spotify:track:1SjsVdSXpwm1kTdYEHoPIT
420,0.796,0.621,-6.129,0.0346,0.175,0.0,0.274,0.808,121.904,3zAOcNGOFq5Q1OsN0tcxA0,151973,4,spotify:track:3zAOcNGOFq5Q1OsN0tcxA0
421,0.475,0.569,-7.073,0.0343,0.037,0.00129,0.232,0.0395,108.007,6R9c642Hs3tOdLowjYaWt2,183816,4,spotify:track:6R9c642Hs3tOdLowjYaWt2
422,0.727,0.616,-8.487,0.338,0.542,4.47e-06,0.482,0.392,140.014,7IBLt4Qarf4JDLxIQDv2O5,291612,4,spotify:track:7IBLt4Qarf4JDLxIQDv2O5
423,0.596,0.607,-6.179,0.168,0.33,0.0,0.103,0.531,119.882,5MWXOo8DJwgODtPGaietNz,120666,4,spotify:track:5MWXOo8DJwgODtPGaietNz
424,0.7,0.812,-8.128,0.297,0.183,0.0,0.0756,0.801,97.405,5MMW4CZsZiZt2iuqAXzzWC,332229,4,spotify:track:5MMW4CZsZiZt2iuqAXzzWC
425,0.677,0.557,-8.409,0.0694,0.00508,8.36e-06,0.0984,0.1,150.127,3ioJs8DQw527GmqJIp5gZG,206385,4,spotify:track:3ioJs8DQw527GmqJIp5gZG
426,0.475,0.695,-5.919,0.102,0.0159,0.0,0.125,0.552,100.009,1HsSIPLTQT354yJcQGfEY3,191038,4,spotify:track:1HsSIPLTQT354yJcQGfEY3
427,0.739,0.58,-7.414,0.0637,0.0395,0.0,0.114,0.452,96.501,64pUytZWfCpeeMBN0XAadF,220760,4,spotify:track:64pUytZWfCpeeMBN0XAadF
428,0.69,0.626,-5.693,0.306,0.105,0.000335,0.0881,0.912,184.009,3AVXwaOGCEL8cmBecfcsFJ,185681,4,spotify:track:3AVXwaOGCEL8cmBecfcsFJ
429,0.578,0.459,-11.938,0.041,0.501,1.86e-05,0.143,0.164,160.065,0ciLo7Ntd7Gfc0rQRTgkSG,201195,3,spotify:track:0ciLo7Ntd7Gfc0rQRTgkSG
430,0.791,0.439,-5.62,0.0645,0.302,1.85e-05,0.126,0.559,85.004,16MQETUgqXwY4lZcyRafU3,190659,4,spotify:track:16MQETUgqXwY4lZcyRafU3
431,0.604,0.741,-5.571,0.0475,0.178,3.49e-05,0.409,0.473,153.947,0FJY7Rkvlo9Lf8HAWsoPNL,153190,4,spotify:track:0FJY7Rkvlo9Lf8HAWsoPNL
432,0.748,0.742,-4.364,0.0941,0.14,0.0,0.0729,0.817,103.995,0sl3IkPJoSj3h7aZJDdsZT,287333,4,spotify:track:0sl3IkPJoSj3h7aZJDdsZT
433,0.646,0.634,-5.689,0.0538,0.181,5.65e-05,0.639,0.308,139.93,30r2riXzp5elipNdxnKDbs,212533,4,spotify:track:30r2riXzp5elipNdxnKDbs
434,0.631,0.337,-9.308,0.0293,0.907,0.0,0.173,0.396,80.079,2Qh1CWm3rnQlOzMEoHVU5x,262573,1,spotify:track:2Qh1CWm3rnQlOzMEoHVU5x
435,0.679,0.748,-3.624,0.0385,0.0878,0.0,0.299,0.438,100.035,14ZyAQQySBBpVcmO0k2HUQ,200787,4,spotify:track:14ZyAQQySBBpVcmO0k2HUQ
436,0.761,0.443,-6.625,0.0448,0.525,1.83e-05,0.0751,0.626,138.995,4dks7rJiOHr02ys8Xgsg2U,168200,4,spotify:track:4dks7rJiOHr02ys8Xgsg2U
437,0.686,0.538,-8.026,0.0345,0.181,3.13e-06,0.113,0.584,115.884,022hJJPTtSWspf3ZyEYN7M,190779,4,spotify:track:022hJJPTtSWspf3ZyEYN7M
438,0.335,0.305,-12.661,0.0741,0.434,0.631,0.101,0.215,79.001,4OmfWzukSVD140NiAIEjem,156507,5,spotify:track:4OmfWzukSVD140NiAIEjem
439,0.605,0.509,-7.925,0.0389,0.023,2.32e-06,0.149,0.381,90.069,2cfgZge1AdyJLojrXchgTb,194009,4,spotify:track:2cfgZge1AdyJLojrXchgTb
440,0.774,0.551,-5.862,0.0854,0.0334,0.0,0.109,0.0858,137.932,6JbrcjoMVBBNZllVOiHBcU,160034,4,spotify:track:6JbrcjoMVBBNZllVOiHBcU
441,0.34,0.684,-6.306,0.044,0.00979,0.0,0.348,0.556,112.969,5UXJzLFdBn6u9FJTCnoHrH,248819,4,spotify:track:5UXJzLFdBn6u9FJTCnoHrH
442,0.659,0.575,-10.342,0.0723,0.0114,0.0214,0.0845,0.342,94.559,2uMv1AvQhvXk4F3DAeABGg,152451,4,spotify:track:2uMv1AvQhvXk4F3DAeABGg
443,0.5,0.485,-7.94,0.0422,0.633,1.26e-06,0.107,0.379,109.755,3X0V4uEujns3TlpoDa2TvP,207453,4,spotify:track:3X0V4uEujns3TlpoDa2TvP
444,0.768,0.595,-6.35,0.264,0.244,0.0,0.159,0.52,82.654,6f8nS2g21RNEL7gNG4WJVT,138187,4,spotify:track:6f8nS2g21RNEL7gNG4WJVT
445,0.714,0.442,-5.909,0.0605,0.742,0.0,0.114,0.546,108.039,1jIMjbzcGCcCQn5iMu9CUc,146855,4,spotify:track:1jIMjbzcGCcCQn5iMu9CUc
446,0.741,0.913,-3.34,0.0465,0.00343,0.103,0.325,0.643,120.012,2W3ZpQg9i6lE6kmHbcdu9N,213750,4,spotify:track:2W3ZpQg9i6lE6kmHbcdu9N
447,0.542,0.43,-20.513,0.632,0.557,0.0118,0.104,0.0459,107.203,7wXAOi3cCW0jUaL7Vvksqq,305010,4,spotify:track:7wXAOi3cCW0jUaL7Vvksqq
448,0.384,0.938,-6.323,0.124,0.000236,0.0,0.132,0.163,92.859,1Gwu3d6lZjL99kw4dcFCsq,186129,3,spotify:track:1Gwu3d6lZjL99kw4dcFCsq
449,0.612,0.675,-6.518,0.0231,0.0994,0.0,0.217,0.763,97.04,0DmkBOGgEWMbUJlL6VwwF2,201547,4,spotify:track:0DmkBOGgEWMbUJlL6VwwF2
450,0.288,0.457,-7.937,0.0317,0.599,0.0,0.0827,0.313,76.388,6xDX0NsGvgqEUHdlrtjjqK,219241,4,spotify:track:6xDX0NsGvgqEUHdlrtjjqK
451,0.502,0.416,-9.504,0.433,0.912,0.0,0.0934,0.433,175.191,0KQRhak4Irr2CKxgQ9U6ay,143960,3,spotify:track:0KQRhak4Irr2CKxgQ9U6ay
452,0.732,0.672,-8.462,0.148,0.0642,0.0,0.121,0.16,137.03,1wNdGz7BlB9kH5lDc1eLLb,140601,4,spotify:track:1wNdGz7BlB9kH5lDc1eLLb
453,0.649,0.558,-4.863,0.0253,0.147,0.0,0.172,0.635,89.988,7qox7CiK5Kf25oBxCA0rY5,202387,4,spotify:track:7qox7CiK5Kf25oBxCA0rY5
454,0.52,0.751,-5.064,0.0551,0.171,7.4e-06,0.0624,0.519,156.044,1tRxwf8Q0AcshfHuaD86Yt,236456,4,spotify:track:1tRxwf8Q0AcshfHuaD86Yt
455,0.867,0.771,-3.688,0.0939,0.0385,0.0,0.133,0.715,106.021,4nmD4awtUUCC4AGETpUiuP,181666,4,spotify:track:4nmD4awtUUCC4AGETpUiuP
456,0.809,0.374,-9.914,0.0665,0.245,0.0,0.156,0.251,133.956,4eYYIs4VJJmJTfRkKegNq4,157675,4,spotify:track:4eYYIs4VJJmJTfRkKegNq4
457,0.557,0.725,-5.79,0.0388,0.215,9.21e-06,0.217,0.54,143.34,50Emgupm363qIrYBe20FR3,220885,4,spotify:track:50Emgupm363qIrYBe20FR3
458,0.727,0.53,-8.616,0.312,0.283,2.76e-05,0.392,0.258,174.025,6CmpZfKUQ2KerzBFZ3QKFr,210841,3,spotify:track:6CmpZfKUQ2KerzBFZ3QKFr
459,0.494,0.653,-6.493,0.0632,0.0441,1.42e-05,0.0898,0.336,153.97,6b8LUVmacXlMUl4wRtCD2S,224188,4,spotify:track:6b8LUVmacXlMUl4wRtCD2S
460,0.565,0.56,-6.034,0.0275,0.538,0.0,0.0961,0.325,159.931,67AdiJcurlf6gocGobfaXs,177267,4,spotify:track:67AdiJcurlf6gocGobfaXs
461,0.551,0.37,-10.194,0.0551,0.87,0.0,0.122,0.241,137.265,7r1MqPAD09w24mCUUbxiCI,200192,4,spotify:track:7r1MqPAD09w24mCUUbxiCI
462,0.535,0.791,-5.55,0.0327,0.00096,0.000155,0.0788,0.5,142.981,2D4dV2KXDTszzJ3p3cFqhA,211814,4,spotify:track:2D4dV2KXDTszzJ3p3cFqhA
463,0.947,0.605,-8.621,0.346,0.0748,7.54e-06,0.0901,0.656,129.988,3IPGG5Niex4hGlXFOYWzp9,133613,4,spotify:track:3IPGG5Niex4hGlXFOYWzp9
464,0.587,0.251,-9.017,0.0289,0.862,0.0,0.105,0.272,75.163,1TuSfYnKU5uKbYK1esQDLj,249316,4,spotify:track:1TuSfYnKU5uKbYK1esQDLj
465,0.531,0.886,-3.878,0.0411,0.0159,0.0,0.367,0.664,139.963,3jowVO7LtaViPc19EcAJKQ,193920,4,spotify:track:3jowVO7LtaViPc19EcAJKQ
466,0.546,0.898,-3.067,0.162,0.0266,0.0,0.129,0.639,173.17,5XUuldRjPXcP5QxyEN4IXT,191415,4,spotify:track:5XUuldRjPXcP5QxyEN4IXT
467,0.739,0.586,-5.079,0.0472,0.0245,0.000252,0.308,0.444,124.026,1bgKMxPQU7JIZEhNsM1vFs,142677,4,spotify:track:1bgKMxPQU7JIZEhNsM1vFs
468,0.759,0.459,-5.187,0.0948,0.00323,0.0,0.0788,0.695,109.997,6jjYDGxVJsWS0a5wlVF5vS,164952,4,spotify:track:6jjYDGxVJsWS0a5wlVF5vS
469,0.622,0.304,-8.741,0.0407,0.425,2.66e-05,0.133,0.224,92.542,52wlhIULOeaxZpzuTYrVlt,176693,4,spotify:track:52wlhIULOeaxZpzuTYrVlt
470,0.588,0.55,-5.878,0.0269,0.166,8.67e-06,0.11,0.39,115.01,6TpyujRefwsflWFXbmjVpj,254173,4,spotify:track:6TpyujRefwsflWFXbmjVpj
471,0.671,0.857,-5.435,0.292,0.266,0.0,0.668,0.597,118.574,1BzXvBpIFWJgu0P8P6xmP4,309323,4,spotify:track:1BzXvBpIFWJgu0P8P6xmP4
472,0.423,0.415,-7.104,0.0314,0.732,1.14e-06,0.117,0.175,143.206,7y2mezWO3hkfyugI2s9WQp,292027,4,spotify:track:7y2mezWO3hkfyugI2s9WQp
473,0.474,0.801,-5.978,0.375,0.102,0.0,0.322,0.497,147.356,4huBDGP4I3S0pYI0EaRN1c,256000,4,spotify:track:4huBDGP4I3S0pYI0EaRN1c
474,0.845,0.797,-4.984,0.139,0.0582,5.57e-06,0.167,0.422,121.985,7fZBQnc0zXwVybgCIrQQil,151475,4,spotify:track:7fZBQnc0zXwVybgCIrQQil
475,0.646,0.533,-10.461,0.118,0.0589,1.75e-06,0.269,0.249,169.913,6UAy9xYeTWjZB7h05p83e9,192022,4,spotify:track:6UAy9xYeTWjZB7h05p83e9
476,0.503,0.795,-5.355,0.0856,0.118,0.0,0.103,0.414,144.005,7IRe1bo7Zm0q5Fn9MlNMZM,196466,4,spotify:track:7IRe1bo7Zm0q5Fn9MlNMZM
477,0.667,0.591,-8.456,0.033,0.414,0.0,0.157,0.434,97.565,5PSYn0XVImstXPFFDtajEK,178265,3,spotify:track:5PSYn0XVImstXPFFDtajEK
478,0.683,0.714,-4.898,0.252,0.181,1e-06,0.111,0.448,173.963,30W8VKHrAZmHzObnwAoc1u,174483,4,spotify:track:30W8VKHrAZmHzObnwAoc1u
479,0.63,0.544,-7.252,0.0287,0.0282,0.0,0.199,0.389,112.942,3fA0FKdkPmBa62MSxwewKE,189443,4,spotify:track:3fA0FKdkPmBa62MSxwewKE
480,0.645,0.607,-7.399,0.0493,0.0217,0.0,0.558,0.606,93.161,1PjOJD6X6uInaheqUSDCJT,158440,4,spotify:track:1PjOJD6X6uInaheqUSDCJT
481,0.733,0.67,-6.009,0.0751,0.121,0.0,0.121,0.472,100.964,12UP3UuoDTbq2Zg5KQD7TK,192841,4,spotify:track:12UP3UuoDTbq2Zg5KQD7TK
482,0.669,0.773,-5.619,0.153,0.038,0.0,0.113,0.377,93.923,7p4DiDYTFs5n1oXdQ88NT3,185857,4,spotify:track:7p4DiDYTFs5n1oXdQ88NT3
483,0.504,0.893,-4.801,0.0488,0.00556,1.83e-05,0.34,0.333,145.005,3I56OBwJkDAyt9L00c8ois,202912,4,spotify:track:3I56OBwJkDAyt9L00c8ois
484,0.755,0.87,-2.414,0.0936,0.00988,0.0,0.0917,0.645,124.032,0IGUXY4JbK18bu9oD4mPIm,174387,4,spotify:track:0IGUXY4JbK18bu9oD4mPIm
485,0.53,0.592,-7.281,0.0534,0.381,0.0,0.294,0.544,125.721,3TFoEJe5zNuHZStRboWPxg,158537,4,spotify:track:3TFoEJe5zNuHZStRboWPxg
486,0.81,0.733,-6.338,0.0444,0.276,6.73e-06,0.288,0.9,125.975,5lfWrciYtohtIMVDVZd0Rf,229283,4,spotify:track:5lfWrciYtohtIMVDVZd0Rf
487,0.751,0.583,-7.41,0.0529,0.0391,0.0,0.116,0.476,96.52,0PwC30wtoEQ1nxoG6DZoFO,220760,4,spotify:track:0PwC30wtoEQ1nxoG6DZoFO
488,0.687,0.643,-4.763,0.0406,0.0518,3.31e-06,0.11,0.418,135.068,2DQayQSTaomynGyTLXzGs0,188833,4,spotify:track:2DQayQSTaomynGyTLXzGs0
489,0.741,0.788,-6.403,0.2,0.00119,0.0,0.0957,0.307,160.03,3gOL6mYIq19Oq8raxIntrV,132987,4,spotify:track:3gOL6mYIq19Oq8raxIntrV
490,0.686,0.494,-7.093,0.0355,0.613,5.8e-05,0.402,0.7,168.946,4k6Uh1HXdhtusDW5y8Gbvy,232067,4,spotify:track:4k6Uh1HXdhtusDW5y8Gbvy
491,0.779,0.372,-6.252,0.0284,0.195,0.000324,0.702,0.327,129.968,4CzLJ2wsrk1QdhXXuT16gx,184973,4,spotify:track:4CzLJ2wsrk1QdhXXuT16gx
492,0.692,0.684,-7.168,0.0464,0.0828,0.0,0.212,0.686,149.921,05hyO45lzOkCpMBomiKsMP,286573,4,spotify:track:05hyO45lzOkCpMBomiKsMP
493,0.634,0.818,-3.576,0.0274,0.000823,0.0,0.166,0.485,109.03,6VN3dKYTClhY5eYQEnBehr,203972,4,spotify:track:6VN3dKYTClhY5eYQEnBehr
494,0.646,0.584,-7.111,0.0771,0.0288,0.0,0.0572,0.37,99.723,4U94pbUhXrzFNVcyrFeMso,179080,4,spotify:track:4U94pbUhXrzFNVcyrFeMso
495,0.654,0.615,-8.157,0.0758,0.0311,0.00125,0.191,0.307,148.005,53Ng9b4xU3NbvyajMGM2pj,263680,4,spotify:track:53Ng9b4xU3NbvyajMGM2pj
496,0.558,0.886,-3.957,0.035,0.000167,0.0,0.0852,0.732,131.052,6TACEZfESIGhlj0iGKlbgM,286053,4,spotify:track:6TACEZfESIGhlj0iGKlbgM
497,0.533,0.381,-9.306,0.0301,0.0109,0.000567,0.12,0.345,152.003,5bl5hOs9xhin8bQvcAcaFq,215707,4,spotify:track:5bl5hOs9xhin8bQvcAcaFq
498,0.637,0.533,-9.04,0.157,0.00861,0.0,0.104,0.389,85.028,3Mr7AWHQj2ZUfMwNWq59MK,218267,4,spotify:track:3Mr7AWHQj2ZUfMwNWq59MK
499,0.526,0.959,-3.613,0.0643,0.00773,0.0,0.325,0.696,117.105,1oJHNcGUnCW4NHk4CT8YFU,268600,4,spotify:track:1oJHNcGUnCW4NHk4CT8YFU
500,0.716,0.551,-6.987,0.47,0.167,0.0,0.197,0.305,82.393,6Ab81Bs9fcOwaTYuBsUUpI,234288,4,spotify:track:6Ab81Bs9fcOwaTYuBsUUpI
501,0.369,0.974,-2.321,0.0782,0.000963,3.34e-06,0.0866,0.372,114.869,5SJyhwUWLjdTRrJdkfF0qJ,282773,4,spotify:track:5SJyhwUWLjdTRrJdkfF0qJ
502,0.73,0.634,-7.194,0.184,0.111,9.63e-06,0.0986,0.777,171.824,0SSVi1ND8YAk5XpaHOePoo,146840,4,spotify:track:0SSVi1ND8YAk5XpaHOePoo
503,0.489,0.964,-2.911,0.0856,0.025,1.34e-06,0.343,0.31,116.086,4p5QRpC7Xks4KFo74rPBrv,315520,4,spotify:track:4p5QRpC7Xks4KFo74rPBrv
504,0.704,0.399,-9.447,0.25,0.0134,0.00017,0.111,0.238,91.858,1rbVvD97q3mHJweROzdxza,233747,4,spotify:track:1rbVvD97q3mHJweROzdxza
505,0.524,0.951,-2.932,0.0753,0.000241,1.59e-05,0.335,0.544,125.01,670jcsXFL0SdPDnEBTgfOS,283413,4,spotify:track:670jcsXFL0SdPDnEBTgfOS
506,0.676,0.779,-3.501,0.0313,0.163,0.0,0.155,0.476,100.083,2gpaJPUWNx2xmOwy2NNLu8,238561,3,spotify:track:2gpaJPUWNx2xmOwy2NNLu8
507,0.817,0.501,-9.623,0.0481,0.258,0.0,0.102,0.408,129.979,3HgmGFYiO8967EFji8CSdM,236308,4,spotify:track:3HgmGFYiO8967EFji8CSdM
508,0.638,0.926,-3.598,0.0484,0.116,2.91e-06,0.0862,0.929,133.966,4D4n0nuqBQ5k7eLtNYs2vU,233320,4,spotify:track:4D4n0nuqBQ5k7eLtNYs2vU
509,0.638,0.615,-7.59,0.0646,0.122,0.0,0.244,0.65,160.002,3uzovh7aNEkFcOT56YPXxF,170467,4,spotify:track:3uzovh7aNEkFcOT56YPXxF
510,0.472,0.933,-3.741,0.0513,8.07e-06,4.16e-05,0.286,0.54,122.999,5ifVAiOA4qlJR6dT7DWvnX,221613,4,spotify:track:5ifVAiOA4qlJR6dT7DWvnX
511,0.905,0.724,-6.255,0.237,0.00813,0.0,0.329,0.361,136.982,3p4YmRsO7aOu8PUbwdN3OB,193480,4,spotify:track:3p4YmRsO7aOu8PUbwdN3OB
512,0.465,0.978,-2.55,0.173,0.00159,0.0,0.37,0.531,126.254,59zRfOVWyxlxpJ9RPSfJiz,265653,4,spotify:track:59zRfOVWyxlxpJ9RPSfJiz
513,0.353,0.701,-5.169,0.0341,0.0755,0.0,0.191,0.464,89.739,4WkyOBjeLPk7rAisyKl0uN,166246,4,spotify:track:4WkyOBjeLPk7rAisyKl0uN
514,0.406,0.93,-4.891,0.0577,0.000378,0.000655,0.164,0.687,177.994,5tBEwjAFm5tiGW0fIEpi4E,226360,4,spotify:track:5tBEwjAFm5tiGW0fIEpi4E
515,0.575,0.633,-7.636,0.22,0.017,0.0,0.342,0.178,90.255,3onD71qCNX4f67nmjw3THA,174000,4,spotify:track:3onD71qCNX4f67nmjw3THA
516,0.68,0.521,-8.59,0.0572,0.0363,0.0,0.131,0.115,91.851,2iezHdu9xLOvCkb8LW3FtU,191160,4,spotify:track:2iezHdu9xLOvCkb8LW3FtU
517,0.611,0.728,-6.904,0.0429,0.00707,0.00394,0.0902,0.722,159.982,0ZanxzL5MCOURk9VVxGokB,211880,4,spotify:track:0ZanxzL5MCOURk9VVxGokB
518,0.605,0.707,-7.734,0.046,0.0484,0.000122,0.122,0.6,113.772,29sEmSIzC0w4DuGInHM8yN,183133,5,spotify:track:29sEmSIzC0w4DuGInHM8yN
519,0.765,0.473,-5.829,0.0518,0.286,0.0,0.391,0.341,120.007,0pWRu5tfMnE2LN9cJPKFvr,237300,4,spotify:track:0pWRu5tfMnE2LN9cJPKFvr
520,0.538,0.868,-7.357,0.0377,0.000599,0.482,0.199,0.556,105.164,799XxzSlWNYkuWJxUbuGnF,514480,4,spotify:track:799XxzSlWNYkuWJxUbuGnF
521,0.502,0.168,-14.061,0.0486,0.885,0.0,0.111,0.355,112.881,3OYNDrkdYFv06Dek5iNlst,228443,3,spotify:track:3OYNDrkdYFv06Dek5iNlst
522,0.39,0.305,-13.392,0.0555,0.489,0.0687,0.155,0.166,157.155,1hboZZxKIEjLHRIkhx4Soi,115138,4,spotify:track:1hboZZxKIEjLHRIkhx4Soi
523,0.659,0.519,-8.053,0.154,0.0321,1.47e-06,0.115,0.246,94.987,2AEmKjIyzioMbJ3FGPXWRO,155893,4,spotify:track:2AEmKjIyzioMbJ3FGPXWRO
524,0.417,0.66,-7.292,0.242,0.00928,2.83e-06,0.1,0.415,95.941,7kwQdjMOQqS4A85kKTWDHo,190413,4,spotify:track:7kwQdjMOQqS4A85kKTWDHo
525,0.395,0.495,-9.087,0.0329,0.496,0.0378,0.12,0.517,168.01,26LZiM2Wan9I9UdwKvCUE9,188044,4,spotify:track:26LZiM2Wan9I9UdwKvCUE9
526,0.708,0.629,-6.698,0.0918,0.0129,0.0,0.145,0.348,119.924,41HI3rMtZ1Nt0spzyg2q6X,204533,5,spotify:track:41HI3rMtZ1Nt0spzyg2q6X
527,0.543,0.593,-6.974,0.0673,0.148,0.0,0.113,0.755,159.982,5az1tROvlEb7Li1ghDispQ,183773,4,spotify:track:5az1tROvlEb7Li1ghDispQ
528,0.699,0.75,-6.481,0.0542,0.543,0.0137,0.333,0.887,151.035,6uVZddXkgQIArp8myEHs4x,295413,3,spotify:track:6uVZddXkgQIArp8myEHs4x
529,0.337,0.796,-4.121,0.0397,0.025,0.0,0.206,0.141,187.822,50NoYcZ0eM2AABpioJ7smS,337880,4,spotify:track:50NoYcZ0eM2AABpioJ7smS
530,0.591,0.418,-10.513,0.106,0.388,0.0,0.0781,0.498,112.197,3qFBpFNpdKdylKZHXl4LsS,219587,3,spotify:track:3qFBpFNpdKdylKZHXl4LsS
531,0.5,0.485,-7.94,0.0422,0.633,1.26e-06,0.107,0.379,109.755,6k07Z7rd9og1FvRJD2n9E8,207453,4,spotify:track:6k07Z7rd9og1FvRJD2n9E8
532,0.695,0.603,-6.547,0.105,0.103,0.0,0.0843,0.904,86.988,2aubFl5KfYtugP3jUtizRw,234947,4,spotify:track:2aubFl5KfYtugP3jUtizRw
533,0.665,0.738,-5.931,0.0379,0.0124,0.00598,0.0923,0.0389,125.037,3nEHrvNNtgLv9rneTAYVr4,214071,4,spotify:track:3nEHrvNNtgLv9rneTAYVr4
534,0.282,0.862,-3.578,0.0484,0.00392,0.0,0.107,0.366,113.808,4QgSrt2SqD0kRP59aiBRrL,319987,3,spotify:track:4QgSrt2SqD0kRP59aiBRrL
535,0.717,0.645,-7.231,0.0436,0.00823,0.000324,0.233,0.483,139.846,3sBOR7RntAnrIw8mVxD2BM,187680,4,spotify:track:3sBOR7RntAnrIw8mVxD2BM
536,0.734,0.629,-7.597,0.055,0.0643,0.0,0.121,0.217,99.042,0TKUB8InpEvET3Tsc3j8Jx,204667,4,spotify:track:0TKUB8InpEvET3Tsc3j8Jx
537,0.507,0.433,-8.972,0.0671,0.144,1.86e-06,0.164,0.189,92.738,1ueyfmW3Yi4P6WxoKHRmLz,190440,4,spotify:track:1ueyfmW3Yi4P6WxoKHRmLz
538,0.765,0.674,-7.009,0.125,0.00942,0.0,0.189,0.505,91.538,6JcQQGncihHYDq5xAbNn8E,180787,4,spotify:track:6JcQQGncihHYDq5xAbNn8E
539,0.532,0.354,-8.938,0.0504,0.736,0.0,0.11,0.419,151.266,3i7mKjZKmslCFMxS1WM7DO,178020,4,spotify:track:3i7mKjZKmslCFMxS1WM7DO
540,0.53,0.939,-4.507,0.0313,0.00327,0.0574,0.419,0.259,134.849,2BTOIRwq7HzrjASCbelUOY,432521,4,spotify:track:2BTOIRwq7HzrjASCbelUOY
541,0.423,0.407,-7.45,0.0267,0.312,0.000961,0.11,0.161,139.048,18GJU4cybZ3uQZSaatFhYP,285120,3,spotify:track:18GJU4cybZ3uQZSaatFhYP
542,0.513,0.773,-6.136,0.0916,0.00694,0.0,0.119,0.885,169.936,5PZ069oSfGfaYhXsQzRzRl,153893,4,spotify:track:5PZ069oSfGfaYhXsQzRzRl
543,0.757,0.773,-5.505,0.0571,0.0564,0.000168,0.146,0.704,113.039,5AA8DnkZcWevhrvrXiSQdq,218053,4,spotify:track:5AA8DnkZcWevhrvrXiSQdq
544,0.559,0.945,-5.296,0.0318,0.011,0.0075,0.0983,0.375,134.635,3dr4SG9q0Vt6Tpg7r1OyC7,252103,4,spotify:track:3dr4SG9q0Vt6Tpg7r1OyC7
545,0.613,0.688,-7.237,0.0295,0.00998,0.25,0.371,0.495,147.852,19j1v7F1N8ec79JCuqNK0z,170720,4,spotify:track:19j1v7F1N8ec79JCuqNK0z
546,0.42,0.655,-6.957,0.0708,0.021,0.0,0.671,0.245,122.405,5MSmT2AnnTuZUBakCvmhsv,188360,3,spotify:track:5MSmT2AnnTuZUBakCvmhsv
547,0.491,0.821,-5.648,0.17,0.0172,0.0,0.146,0.46,129.669,1LZFt1yFi7eLje1jSi1o7g,173547,5,spotify:track:1LZFt1yFi7eLje1jSi1o7g
548,0.702,0.639,-7.301,0.333,0.00958,0.0,0.161,0.55,172.919,7quesdAv9sxXO0oUOApmIo,178948,4,spotify:track:7quesdAv9sxXO0oUOApmIo
549,0.676,0.61,-9.185,0.273,0.000114,1.73e-06,0.191,0.519,156.005,54VFhe501kUbDYj2OrueMp,186538,4,spotify:track:54VFhe501kUbDYj2OrueMp
550,0.573,0.909,-4.864,0.0452,0.0461,0.0,0.136,0.693,143.989,1vmsUZWNYg41qrK76ZDcYj,175560,4,spotify:track:1vmsUZWNYg41qrK76ZDcYj
551,0.835,0.679,-5.329,0.0364,0.583,1.98e-06,0.218,0.85,124.98,5ww2BF9slyYgNOk37BlC4u,162638,4,spotify:track:5ww2BF9slyYgNOk37BlC4u
552,0.625,0.839,-4.824,0.0927,0.00762,2.35e-05,0.464,0.771,184.08,7d7aPD2oxuzjhOZnu4Dj23,233520,4,spotify:track:7d7aPD2oxuzjhOZnu4Dj23
553,0.893,0.699,-8.059,0.0517,0.0576,3.02e-06,0.128,0.747,139.972,7lcI4X8RZxK4zIknJcwpBq,136761,4,spotify:track:7lcI4X8RZxK4zIknJcwpBq
554,0.514,0.472,-11.106,0.368,0.753,0.00012,0.0746,0.557,77.215,66mVPWmFvXPFf8pjK5ttOW,203367,3,spotify:track:66mVPWmFvXPFf8pjK5ttOW
